Passengerid,Age,Fare,Sex,sibsp,zero,zero.1,zero.2,zero.3,zero.4,zero.5,zero.6,Parch,zero.7,zero.8,zero.9,zero.10,zero.11,zero.12,zero.13,zero.14,Pclass,zero.15,zero.16,Embarked,zero.17,zero.18,2urvived,Age_Group
1,22,7.25,0,1,0,0,0,0,0,0,0,0,0,0,0,0,0,0,0,0,3,0,0,2.0,0,0,0,Young Adult
2,38,71.2833,1,1,0,0,0,0,0,0,0,0,0,0,0,0,0,0,0,0,1,0,0,0.0,0,0,1,Adult
3,26,7.925,1,0,0,0,0,0,0,0,0,0,0,0,0,0,0,0,0,0,3,0,0,2.0,0,0,1,Young Adult
4,35,53.1,1,1,0,0,0,0,0,0,0,0,0,0,0,0,0,0,0,0,1,0,0,2.0,0,0,1,Young Adult
5,35,8.05,0,0,0,0,0,0,0,0,0,0,0,0,0,0,0,0,0,0,3,0,0,2.0,0,0,0,Young Adult
6,28,8.4583,0,0,0,0,0,0,0,0,0,0,0,0,0,0,0,0,0,0,3,0,0,1.0,0,0,0,Young Adult
7,54,51.8625,0,0,0,0,0,0,0,0,0,0,0,0,0,0,0,0,0,0,1,0,0,2.0,0,0,0,Adult
8,2,21.075,0,3,0,0,0,0,0,0,0,1,0,0,0,0,0,0,0,0,3,0,0,2.0,0,0,0,Child
9,27,11.1333,1,0,0,0,0,0,0,0,0,2,0,0,0,0,0,0,0,0,3,0,0,2.0,0,0,1,Young Adult
10,14,30.0708,1,1,0,0,0,0,0,0,0,0,0,0,0,0,0,0,0,0,2,0,0,0.0,0,0,1,Teen
11,4,16.7,1,1,0,0,0,0,0,0,0,1,0,0,0,0,0,0,0,0,3,0,0,2.0,0,0,1,Child
12,58,26.55,1,0,0,0,0,0,0,0,0,0,0,0,0,0,0,0,0,0,1,0,0,2.0,0,0,1,Adult
13,20,8.05,0,0,0,0,0,0,0,0,0,0,0,0,0,0,0,0,0,0,3,0,0,2.0,0,0,0,Young Adult
14,39,31.275,0,1,0,0,0,0,0,0,0,5,0,0,0,0,0,0,0,0,3,0,0,2.0,0,0,0,Adult
15,14,7.8542,1,0,0,0,0,0,0,0,0,0,0,0,0,0,0,0,0,0,3,0,0,2.0,0,0,0,Teen
16,55,16.0,1,0,0,0,0,0,0,0,0,0,0,0,0,0,0,0,0,0,2,0,0,2.0,0,0,1,Adult
17,2,29.125,0,4,0,0,0,0,0,0,0,1,0,0,0,0,0,0,0,0,3,0,0,1.0,0,0,0,Child
18,28,13.0,0,0,0,0,0,0,0,0,0,0,0,0,0,0,0,0,0,0,2,0,0,2.0,0,0,1,Young Adult
19,31,18.0,1,1,0,0,0,0,0,0,0,0,0,0,0,0,0,0,0,0,3,0,0,2.0,0,0,0,Young Adult
20,28,7.225,1,0,0,0,0,0,0,0,0,0,0,0,0,0,0,0,0,0,3,0,0,0.0,0,0,1,Young Adult
21,35,26.0,0,0,0,0,0,0,0,0,0,0,0,0,0,0,0,0,0,0,2,0,0,2.0,0,0,0,Young Adult
22,34,13.0,0,0,0,0,0,0,0,0,0,0,0,0,0,0,0,0,0,0,2,0,0,2.0,0,0,1,Young Adult
23,15,8.0292,1,0,0,0,0,0,0,0,0,0,0,0,0,0,0,0,0,0,3,0,0,1.0,0,0,1,Teen
24,28,35.5,0,0,0,0,0,0,0,0,0,0,0,0,0,0,0,0,0,0,1,0,0,2.0,0,0,1,Young Adult
25,8,21.075,1,3,0,0,0,0,0,0,0,1,0,0,0,0,0,0,0,0,3,0,0,2.0,0,0,0,Child
26,38,31.3875,1,1,0,0,0,0,0,0,0,5,0,0,0,0,0,0,0,0,3,0,0,2.0,0,0,1,Adult
27,28,7.225,0,0,0,0,0,0,0,0,0,0,0,0,0,0,0,0,0,0,3,0,0,0.0,0,0,0,Young Adult
28,19,263.0,0,3,0,0,0,0,0,0,0,2,0,0,0,0,0,0,0,0,1,0,0,2.0,0,0,0,Young Adult
29,28,7.8792,1,0,0,0,0,0,0,0,0,0,0,0,0,0,0,0,0,0,3,0,0,1.0,0,0,1,Young Adult
30,28,7.8958,0,0,0,0,0,0,0,0,0,0,0,0,0,0,0,0,0,0,3,0,0,2.0,0,0,0,Young Adult
31,40,27.7208,0,0,0,0,0,0,0,0,0,0,0,0,0,0,0,0,0,0,1,0,0,0.0,0,0,0,Adult
32,28,146.5208,1,1,0,0,0,0,0,0,0,0,0,0,0,0,0,0,0,0,1,0,0,0.0,0,0,1,Young Adult
33,28,7.75,1,0,0,0,0,0,0,0,0,0,0,0,0,0,0,0,0,0,3,0,0,1.0,0,0,1,Young Adult
34,66,10.5,0,0,0,0,0,0,0,0,0,0,0,0,0,0,0,0,0,0,2,0,0,2.0,0,0,0,Senior
35,28,82.1708,0,1,0,0,0,0,0,0,0,0,0,0,0,0,0,0,0,0,1,0,0,0.0,0,0,0,Young Adult
36,42,52.0,0,1,0,0,0,0,0,0,0,0,0,0,0,0,0,0,0,0,1,0,0,2.0,0,0,0,Adult
37,28,7.2292,0,0,0,0,0,0,0,0,0,0,0,0,0,0,0,0,0,0,3,0,0,0.0,0,0,1,Young Adult
38,21,8.05,0,0,0,0,0,0,0,0,0,0,0,0,0,0,0,0,0,0,3,0,0,2.0,0,0,0,Young Adult
39,18,18.0,1,2,0,0,0,0,0,0,0,0,0,0,0,0,0,0,0,0,3,0,0,2.0,0,0,0,Teen
40,14,11.2417,1,1,0,0,0,0,0,0,0,0,0,0,0,0,0,0,0,0,3,0,0,0.0,0,0,1,Teen
41,40,9.475,1,1,0,0,0,0,0,0,0,0,0,0,0,0,0,0,0,0,3,0,0,2.0,0,0,0,Adult
42,27,21.0,1,1,0,0,0,0,0,0,0,0,0,0,0,0,0,0,0,0,2,0,0,2.0,0,0,0,Young Adult
43,28,7.8958,0,0,0,0,0,0,0,0,0,0,0,0,0,0,0,0,0,0,3,0,0,0.0,0,0,0,Young Adult
44,3,41.5792,1,1,0,0,0,0,0,0,0,2,0,0,0,0,0,0,0,0,2,0,0,0.0,0,0,1,Child
45,19,7.8792,1,0,0,0,0,0,0,0,0,0,0,0,0,0,0,0,0,0,3,0,0,1.0,0,0,1,Young Adult
46,28,8.05,0,0,0,0,0,0,0,0,0,0,0,0,0,0,0,0,0,0,3,0,0,2.0,0,0,0,Young Adult
47,28,15.5,0,1,0,0,0,0,0,0,0,0,0,0,0,0,0,0,0,0,3,0,0,1.0,0,0,0,Young Adult
48,28,7.75,1,0,0,0,0,0,0,0,0,0,0,0,0,0,0,0,0,0,3,0,0,1.0,0,0,1,Young Adult
49,28,21.6792,0,2,0,0,0,0,0,0,0,0,0,0,0,0,0,0,0,0,3,0,0,0.0,0,0,0,Young Adult
50,18,17.8,1,1,0,0,0,0,0,0,0,0,0,0,0,0,0,0,0,0,3,0,0,2.0,0,0,0,Teen
51,7,39.6875,0,4,0,0,0,0,0,0,0,1,0,0,0,0,0,0,0,0,3,0,0,2.0,0,0,0,Child
52,21,7.8,0,0,0,0,0,0,0,0,0,0,0,0,0,0,0,0,0,0,3,0,0,2.0,0,0,0,Young Adult
53,49,76.7292,1,1,0,0,0,0,0,0,0,0,0,0,0,0,0,0,0,0,1,0,0,0.0,0,0,1,Adult
54,29,26.0,1,1,0,0,0,0,0,0,0,0,0,0,0,0,0,0,0,0,2,0,0,2.0,0,0,1,Young Adult
55,65,61.9792,0,0,0,0,0,0,0,0,0,1,0,0,0,0,0,0,0,0,1,0,0,0.0,0,0,0,Senior
56,28,35.5,0,0,0,0,0,0,0,0,0,0,0,0,0,0,0,0,0,0,1,0,0,2.0,0,0,1,Young Adult
57,21,10.5,1,0,0,0,0,0,0,0,0,0,0,0,0,0,0,0,0,0,2,0,0,2.0,0,0,1,Young Adult
58,28,7.2292,0,0,0,0,0,0,0,0,0,0,0,0,0,0,0,0,0,0,3,0,0,0.0,0,0,0,Young Adult
59,5,27.75,1,1,0,0,0,0,0,0,0,2,0,0,0,0,0,0,0,0,2,0,0,2.0,0,0,1,Child
60,11,46.9,0,5,0,0,0,0,0,0,0,2,0,0,0,0,0,0,0,0,3,0,0,2.0,0,0,0,Child
61,22,7.2292,0,0,0,0,0,0,0,0,0,0,0,0,0,0,0,0,0,0,3,0,0,0.0,0,0,0,Young Adult
62,38,80.0,1,0,0,0,0,0,0,0,0,0,0,0,0,0,0,0,0,0,1,0,0,,0,0,1,Adult
63,45,83.475,0,1,0,0,0,0,0,0,0,0,0,0,0,0,0,0,0,0,1,0,0,2.0,0,0,0,Adult
64,4,27.9,0,3,0,0,0,0,0,0,0,2,0,0,0,0,0,0,0,0,3,0,0,2.0,0,0,0,Child
65,28,27.7208,0,0,0,0,0,0,0,0,0,0,0,0,0,0,0,0,0,0,1,0,0,0.0,0,0,0,Young Adult
66,28,15.2458,0,1,0,0,0,0,0,0,0,1,0,0,0,0,0,0,0,0,3,0,0,0.0,0,0,1,Young Adult
67,29,10.5,1,0,0,0,0,0,0,0,0,0,0,0,0,0,0,0,0,0,2,0,0,2.0,0,0,1,Young Adult
68,19,8.1583,0,0,0,0,0,0,0,0,0,0,0,0,0,0,0,0,0,0,3,0,0,2.0,0,0,0,Young Adult
69,17,7.925,1,4,0,0,0,0,0,0,0,2,0,0,0,0,0,0,0,0,3,0,0,2.0,0,0,1,Teen
70,26,8.6625,0,2,0,0,0,0,0,0,0,0,0,0,0,0,0,0,0,0,3,0,0,2.0,0,0,0,Young Adult
71,32,10.5,0,0,0,0,0,0,0,0,0,0,0,0,0,0,0,0,0,0,2,0,0,2.0,0,0,0,Young Adult
72,16,46.9,1,5,0,0,0,0,0,0,0,2,0,0,0,0,0,0,0,0,3,0,0,2.0,0,0,0,Teen
73,21,73.5,0,0,0,0,0,0,0,0,0,0,0,0,0,0,0,0,0,0,2,0,0,2.0,0,0,0,Young Adult
74,26,14.4542,0,1,0,0,0,0,0,0,0,0,0,0,0,0,0,0,0,0,3,0,0,0.0,0,0,0,Young Adult
75,32,56.4958,0,0,0,0,0,0,0,0,0,0,0,0,0,0,0,0,0,0,3,0,0,2.0,0,0,1,Young Adult
76,25,7.65,0,0,0,0,0,0,0,0,0,0,0,0,0,0,0,0,0,0,3,0,0,2.0,0,0,0,Young Adult
77,28,7.8958,0,0,0,0,0,0,0,0,0,0,0,0,0,0,0,0,0,0,3,0,0,2.0,0,0,0,Young Adult
78,28,8.05,0,0,0,0,0,0,0,0,0,0,0,0,0,0,0,0,0,0,3,0,0,2.0,0,0,0,Young Adult
79,0,29.0,0,0,0,0,0,0,0,0,0,2,0,0,0,0,0,0,0,0,2,0,0,2.0,0,0,1,
80,30,12.475,1,0,0,0,0,0,0,0,0,0,0,0,0,0,0,0,0,0,3,0,0,2.0,0,0,1,Young Adult
81,22,9.0,0,0,0,0,0,0,0,0,0,0,0,0,0,0,0,0,0,0,3,0,0,2.0,0,0,0,Young Adult
82,29,9.5,0,0,0,0,0,0,0,0,0,0,0,0,0,0,0,0,0,0,3,0,0,2.0,0,0,1,Young Adult
83,28,7.7875,1,0,0,0,0,0,0,0,0,0,0,0,0,0,0,0,0,0,3,0,0,1.0,0,0,1,Young Adult
84,28,47.1,0,0,0,0,0,0,0,0,0,0,0,0,0,0,0,0,0,0,1,0,0,2.0,0,0,0,Young Adult
85,17,10.5,1,0,0,0,0,0,0,0,0,0,0,0,0,0,0,0,0,0,2,0,0,2.0,0,0,1,Teen
86,33,15.85,1,3,0,0,0,0,0,0,0,0,0,0,0,0,0,0,0,0,3,0,0,2.0,0,0,1,Young Adult
87,16,34.375,0,1,0,0,0,0,0,0,0,3,0,0,0,0,0,0,0,0,3,0,0,2.0,0,0,0,Teen
88,28,8.05,0,0,0,0,0,0,0,0,0,0,0,0,0,0,0,0,0,0,3,0,0,2.0,0,0,0,Young Adult
89,23,263.0,1,3,0,0,0,0,0,0,0,2,0,0,0,0,0,0,0,0,1,0,0,2.0,0,0,1,Young Adult
90,24,8.05,0,0,0,0,0,0,0,0,0,0,0,0,0,0,0,0,0,0,3,0,0,2.0,0,0,0,Young Adult
91,29,8.05,0,0,0,0,0,0,0,0,0,0,0,0,0,0,0,0,0,0,3,0,0,2.0,0,0,0,Young Adult
92,20,7.8542,0,0,0,0,0,0,0,0,0,0,0,0,0,0,0,0,0,0,3,0,0,2.0,0,0,0,Young Adult
93,46,61.175,0,1,0,0,0,0,0,0,0,0,0,0,0,0,0,0,0,0,1,0,0,2.0,0,0,0,Adult
94,26,20.575,0,1,0,0,0,0,0,0,0,2,0,0,0,0,0,0,0,0,3,0,0,2.0,0,0,0,Young Adult
95,59,7.25,0,0,0,0,0,0,0,0,0,0,0,0,0,0,0,0,0,0,3,0,0,2.0,0,0,0,Adult
96,28,8.05,0,0,0,0,0,0,0,0,0,0,0,0,0,0,0,0,0,0,3,0,0,2.0,0,0,0,Young Adult
97,71,34.6542,0,0,0,0,0,0,0,0,0,0,0,0,0,0,0,0,0,0,1,0,0,0.0,0,0,0,Senior
98,23,63.3583,0,0,0,0,0,0,0,0,0,1,0,0,0,0,0,0,0,0,1,0,0,0.0,0,0,1,Young Adult
99,34,23.0,1,0,0,0,0,0,0,0,0,1,0,0,0,0,0,0,0,0,2,0,0,2.0,0,0,1,Young Adult
100,34,26.0,0,1,0,0,0,0,0,0,0,0,0,0,0,0,0,0,0,0,2,0,0,2.0,0,0,0,Young Adult
101,28,7.8958,1,0,0,0,0,0,0,0,0,0,0,0,0,0,0,0,0,0,3,0,0,2.0,0,0,0,Young Adult
102,28,7.8958,0,0,0,0,0,0,0,0,0,0,0,0,0,0,0,0,0,0,3,0,0,2.0,0,0,0,Young Adult
103,21,77.2875,0,0,0,0,0,0,0,0,0,1,0,0,0,0,0,0,0,0,1,0,0,2.0,0,0,0,Young Adult
104,33,8.6542,0,0,0,0,0,0,0,0,0,0,0,0,0,0,0,0,0,0,3,0,0,2.0,0,0,0,Young Adult
105,37,7.925,0,2,0,0,0,0,0,0,0,0,0,0,0,0,0,0,0,0,3,0,0,2.0,0,0,0,Adult
106,28,7.8958,0,0,0,0,0,0,0,0,0,0,0,0,0,0,0,0,0,0,3,0,0,2.0,0,0,0,Young Adult
107,21,7.65,1,0,0,0,0,0,0,0,0,0,0,0,0,0,0,0,0,0,3,0,0,2.0,0,0,1,Young Adult
108,28,7.775,0,0,0,0,0,0,0,0,0,0,0,0,0,0,0,0,0,0,3,0,0,2.0,0,0,1,Young Adult
109,38,7.8958,0,0,0,0,0,0,0,0,0,0,0,0,0,0,0,0,0,0,3,0,0,2.0,0,0,0,Adult
110,28,24.15,1,1,0,0,0,0,0,0,0,0,0,0,0,0,0,0,0,0,3,0,0,1.0,0,0,1,Young Adult
111,47,52.0,0,0,0,0,0,0,0,0,0,0,0,0,0,0,0,0,0,0,1,0,0,2.0,0,0,0,Adult
112,14,14.4542,1,1,0,0,0,0,0,0,0,0,0,0,0,0,0,0,0,0,3,0,0,0.0,0,0,0,Teen
113,22,8.05,0,0,0,0,0,0,0,0,0,0,0,0,0,0,0,0,0,0,3,0,0,2.0,0,0,0,Young Adult
114,20,9.825,1,1,0,0,0,0,0,0,0,0,0,0,0,0,0,0,0,0,3,0,0,2.0,0,0,0,Young Adult
115,17,14.4583,1,0,0,0,0,0,0,0,0,0,0,0,0,0,0,0,0,0,3,0,0,0.0,0,0,0,Teen
116,21,7.925,0,0,0,0,0,0,0,0,0,0,0,0,0,0,0,0,0,0,3,0,0,2.0,0,0,0,Young Adult
117,70,7.75,0,0,0,0,0,0,0,0,0,0,0,0,0,0,0,0,0,0,3,0,0,1.0,0,0,0,Senior
118,29,21.0,0,1,0,0,0,0,0,0,0,0,0,0,0,0,0,0,0,0,2,0,0,2.0,0,0,0,Young Adult
119,24,247.5208,0,0,0,0,0,0,0,0,0,1,0,0,0,0,0,0,0,0,1,0,0,0.0,0,0,0,Young Adult
120,2,31.275,1,4,0,0,0,0,0,0,0,2,0,0,0,0,0,0,0,0,3,0,0,2.0,0,0,0,Child
121,21,73.5,0,2,0,0,0,0,0,0,0,0,0,0,0,0,0,0,0,0,2,0,0,2.0,0,0,0,Young Adult
122,28,8.05,0,0,0,0,0,0,0,0,0,0,0,0,0,0,0,0,0,0,3,0,0,2.0,0,0,0,Young Adult
123,32,30.0708,0,1,0,0,0,0,0,0,0,0,0,0,0,0,0,0,0,0,2,0,0,0.0,0,0,0,Young Adult
124,32,13.0,1,0,0,0,0,0,0,0,0,0,0,0,0,0,0,0,0,0,2,0,0,2.0,0,0,1,Young Adult
125,54,77.2875,0,0,0,0,0,0,0,0,0,1,0,0,0,0,0,0,0,0,1,0,0,2.0,0,0,0,Adult
126,12,11.2417,0,1,0,0,0,0,0,0,0,0,0,0,0,0,0,0,0,0,3,0,0,0.0,0,0,1,Child
127,28,7.75,0,0,0,0,0,0,0,0,0,0,0,0,0,0,0,0,0,0,3,0,0,1.0,0,0,0,Young Adult
128,24,7.1417,0,0,0,0,0,0,0,0,0,0,0,0,0,0,0,0,0,0,3,0,0,2.0,0,0,1,Young Adult
129,28,22.3583,1,1,0,0,0,0,0,0,0,1,0,0,0,0,0,0,0,0,3,0,0,0.0,0,0,1,Young Adult
130,45,6.975,0,0,0,0,0,0,0,0,0,0,0,0,0,0,0,0,0,0,3,0,0,2.0,0,0,0,Adult
131,33,7.8958,0,0,0,0,0,0,0,0,0,0,0,0,0,0,0,0,0,0,3,0,0,0.0,0,0,0,Young Adult
132,20,7.05,0,0,0,0,0,0,0,0,0,0,0,0,0,0,0,0,0,0,3,0,0,2.0,0,0,0,Young Adult
133,47,14.5,1,1,0,0,0,0,0,0,0,0,0,0,0,0,0,0,0,0,3,0,0,2.0,0,0,0,Adult
134,29,26.0,1,1,0,0,0,0,0,0,0,0,0,0,0,0,0,0,0,0,2,0,0,2.0,0,0,1,Young Adult
135,25,13.0,0,0,0,0,0,0,0,0,0,0,0,0,0,0,0,0,0,0,2,0,0,2.0,0,0,0,Young Adult
136,23,15.0458,0,0,0,0,0,0,0,0,0,0,0,0,0,0,0,0,0,0,2,0,0,0.0,0,0,0,Young Adult
137,19,26.2833,1,0,0,0,0,0,0,0,0,2,0,0,0,0,0,0,0,0,1,0,0,2.0,0,0,1,Young Adult
138,37,53.1,0,1,0,0,0,0,0,0,0,0,0,0,0,0,0,0,0,0,1,0,0,2.0,0,0,0,Adult
139,16,9.2167,0,0,0,0,0,0,0,0,0,0,0,0,0,0,0,0,0,0,3,0,0,2.0,0,0,0,Teen
140,24,79.2,0,0,0,0,0,0,0,0,0,0,0,0,0,0,0,0,0,0,1,0,0,0.0,0,0,0,Young Adult
141,28,15.2458,1,0,0,0,0,0,0,0,0,2,0,0,0,0,0,0,0,0,3,0,0,0.0,0,0,0,Young Adult
142,22,7.75,1,0,0,0,0,0,0,0,0,0,0,0,0,0,0,0,0,0,3,0,0,2.0,0,0,1,Young Adult
143,24,15.85,1,1,0,0,0,0,0,0,0,0,0,0,0,0,0,0,0,0,3,0,0,2.0,0,0,1,Young Adult
144,19,6.75,0,0,0,0,0,0,0,0,0,0,0,0,0,0,0,0,0,0,3,0,0,1.0,0,0,0,Young Adult
145,18,11.5,0,0,0,0,0,0,0,0,0,0,0,0,0,0,0,0,0,0,2,0,0,2.0,0,0,0,Teen
146,19,36.75,0,1,0,0,0,0,0,0,0,1,0,0,0,0,0,0,0,0,2,0,0,2.0,0,0,0,Young Adult
147,27,7.7958,0,0,0,0,0,0,0,0,0,0,0,0,0,0,0,0,0,0,3,0,0,2.0,0,0,1,Young Adult
148,9,34.375,1,2,0,0,0,0,0,0,0,2,0,0,0,0,0,0,0,0,3,0,0,2.0,0,0,0,Child
149,36,26.0,0,0,0,0,0,0,0,0,0,2,0,0,0,0,0,0,0,0,2,0,0,2.0,0,0,0,Adult
150,42,13.0,0,0,0,0,0,0,0,0,0,0,0,0,0,0,0,0,0,0,2,0,0,2.0,0,0,0,Adult
151,51,12.525,0,0,0,0,0,0,0,0,0,0,0,0,0,0,0,0,0,0,2,0,0,2.0,0,0,0,Adult
152,22,66.6,1,1,0,0,0,0,0,0,0,0,0,0,0,0,0,0,0,0,1,0,0,2.0,0,0,1,Young Adult
153,55,8.05,0,0,0,0,0,0,0,0,0,0,0,0,0,0,0,0,0,0,3,0,0,2.0,0,0,0,Adult
154,40,14.5,0,0,0,0,0,0,0,0,0,2,0,0,0,0,0,0,0,0,3,0,0,2.0,0,0,0,Adult
155,28,7.3125,0,0,0,0,0,0,0,0,0,0,0,0,0,0,0,0,0,0,3,0,0,2.0,0,0,0,Young Adult
156,51,61.3792,0,0,0,0,0,0,0,0,0,1,0,0,0,0,0,0,0,0,1,0,0,0.0,0,0,0,Adult
157,16,7.7333,1,0,0,0,0,0,0,0,0,0,0,0,0,0,0,0,0,0,3,0,0,1.0,0,0,1,Teen
158,30,8.05,0,0,0,0,0,0,0,0,0,0,0,0,0,0,0,0,0,0,3,0,0,2.0,0,0,0,Young Adult
159,28,8.6625,0,0,0,0,0,0,0,0,0,0,0,0,0,0,0,0,0,0,3,0,0,2.0,0,0,0,Young Adult
160,28,69.55,0,8,0,0,0,0,0,0,0,2,0,0,0,0,0,0,0,0,3,0,0,2.0,0,0,0,Young Adult
161,44,16.1,0,0,0,0,0,0,0,0,0,1,0,0,0,0,0,0,0,0,3,0,0,2.0,0,0,0,Adult
162,40,15.75,1,0,0,0,0,0,0,0,0,0,0,0,0,0,0,0,0,0,2,0,0,2.0,0,0,1,Adult
163,26,7.775,0,0,0,0,0,0,0,0,0,0,0,0,0,0,0,0,0,0,3,0,0,2.0,0,0,0,Young Adult
164,17,8.6625,0,0,0,0,0,0,0,0,0,0,0,0,0,0,0,0,0,0,3,0,0,2.0,0,0,0,Teen
165,1,39.6875,0,4,0,0,0,0,0,0,0,1,0,0,0,0,0,0,0,0,3,0,0,2.0,0,0,0,Child
166,9,20.525,0,0,0,0,0,0,0,0,0,2,0,0,0,0,0,0,0,0,3,0,0,2.0,0,0,1,Child
167,28,55.0,1,0,0,0,0,0,0,0,0,1,0,0,0,0,0,0,0,0,1,0,0,2.0,0,0,1,Young Adult
168,45,27.9,1,1,0,0,0,0,0,0,0,4,0,0,0,0,0,0,0,0,3,0,0,2.0,0,0,0,Adult
169,28,25.925,0,0,0,0,0,0,0,0,0,0,0,0,0,0,0,0,0,0,1,0,0,2.0,0,0,0,Young Adult
170,28,56.4958,0,0,0,0,0,0,0,0,0,0,0,0,0,0,0,0,0,0,3,0,0,2.0,0,0,0,Young Adult
171,61,33.5,0,0,0,0,0,0,0,0,0,0,0,0,0,0,0,0,0,0,1,0,0,2.0,0,0,0,Senior
172,4,29.125,0,4,0,0,0,0,0,0,0,1,0,0,0,0,0,0,0,0,3,0,0,1.0,0,0,0,Child
173,1,11.1333,1,1,0,0,0,0,0,0,0,1,0,0,0,0,0,0,0,0,3,0,0,2.0,0,0,1,Child
174,21,7.925,0,0,0,0,0,0,0,0,0,0,0,0,0,0,0,0,0,0,3,0,0,2.0,0,0,0,Young Adult
175,56,30.6958,0,0,0,0,0,0,0,0,0,0,0,0,0,0,0,0,0,0,1,0,0,0.0,0,0,0,Adult
176,18,7.8542,0,1,0,0,0,0,0,0,0,1,0,0,0,0,0,0,0,0,3,0,0,2.0,0,0,0,Teen
177,28,25.4667,0,3,0,0,0,0,0,0,0,1,0,0,0,0,0,0,0,0,3,0,0,2.0,0,0,0,Young Adult
178,50,28.7125,1,0,0,0,0,0,0,0,0,0,0,0,0,0,0,0,0,0,1,0,0,0.0,0,0,0,Adult
179,30,13.0,0,0,0,0,0,0,0,0,0,0,0,0,0,0,0,0,0,0,2,0,0,2.0,0,0,0,Young Adult
180,36,0.0,0,0,0,0,0,0,0,0,0,0,0,0,0,0,0,0,0,0,3,0,0,2.0,0,0,0,Adult
181,28,69.55,1,8,0,0,0,0,0,0,0,2,0,0,0,0,0,0,0,0,3,0,0,2.0,0,0,0,Young Adult
182,28,15.05,0,0,0,0,0,0,0,0,0,0,0,0,0,0,0,0,0,0,2,0,0,0.0,0,0,0,Young Adult
183,9,31.3875,0,4,0,0,0,0,0,0,0,2,0,0,0,0,0,0,0,0,3,0,0,2.0,0,0,0,Child
184,1,39.0,0,2,0,0,0,0,0,0,0,1,0,0,0,0,0,0,0,0,2,0,0,2.0,0,0,1,Child
185,4,22.025,1,0,0,0,0,0,0,0,0,2,0,0,0,0,0,0,0,0,3,0,0,2.0,0,0,1,Child
186,28,50.0,0,0,0,0,0,0,0,0,0,0,0,0,0,0,0,0,0,0,1,0,0,2.0,0,0,0,Young Adult
187,28,15.5,1,1,0,0,0,0,0,0,0,0,0,0,0,0,0,0,0,0,3,0,0,1.0,0,0,1,Young Adult
188,45,26.55,0,0,0,0,0,0,0,0,0,0,0,0,0,0,0,0,0,0,1,0,0,2.0,0,0,1,Adult
189,40,15.5,0,1,0,0,0,0,0,0,0,1,0,0,0,0,0,0,0,0,3,0,0,1.0,0,0,0,Adult
190,36,7.8958,0,0,0,0,0,0,0,0,0,0,0,0,0,0,0,0,0,0,3,0,0,2.0,0,0,0,Adult
191,32,13.0,1,0,0,0,0,0,0,0,0,0,0,0,0,0,0,0,0,0,2,0,0,2.0,0,0,1,Young Adult
192,19,13.0,0,0,0,0,0,0,0,0,0,0,0,0,0,0,0,0,0,0,2,0,0,2.0,0,0,0,Young Adult
193,19,7.8542,1,1,0,0,0,0,0,0,0,0,0,0,0,0,0,0,0,0,3,0,0,2.0,0,0,1,Young Adult
194,3,26.0,0,1,0,0,0,0,0,0,0,1,0,0,0,0,0,0,0,0,2,0,0,2.0,0,0,1,Child
195,44,27.7208,1,0,0,0,0,0,0,0,0,0,0,0,0,0,0,0,0,0,1,0,0,0.0,0,0,1,Adult
196,58,146.5208,1,0,0,0,0,0,0,0,0,0,0,0,0,0,0,0,0,0,1,0,0,0.0,0,0,1,Adult
197,28,7.75,0,0,0,0,0,0,0,0,0,0,0,0,0,0,0,0,0,0,3,0,0,1.0,0,0,0,Young Adult
198,42,8.4042,0,0,0,0,0,0,0,0,0,1,0,0,0,0,0,0,0,0,3,0,0,2.0,0,0,0,Adult
199,28,7.75,1,0,0,0,0,0,0,0,0,0,0,0,0,0,0,0,0,0,3,0,0,1.0,0,0,1,Young Adult
200,24,13.0,1,0,0,0,0,0,0,0,0,0,0,0,0,0,0,0,0,0,2,0,0,2.0,0,0,0,Young Adult
201,28,9.5,0,0,0,0,0,0,0,0,0,0,0,0,0,0,0,0,0,0,3,0,0,2.0,0,0,0,Young Adult
202,28,69.55,0,8,0,0,0,0,0,0,0,2,0,0,0,0,0,0,0,0,3,0,0,2.0,0,0,0,Young Adult
203,34,6.4958,0,0,0,0,0,0,0,0,0,0,0,0,0,0,0,0,0,0,3,0,0,2.0,0,0,0,Young Adult
204,45,7.225,0,0,0,0,0,0,0,0,0,0,0,0,0,0,0,0,0,0,3,0,0,0.0,0,0,0,Adult
205,18,8.05,0,0,0,0,0,0,0,0,0,0,0,0,0,0,0,0,0,0,3,0,0,2.0,0,0,1,Teen
206,2,10.4625,1,0,0,0,0,0,0,0,0,1,0,0,0,0,0,0,0,0,3,0,0,2.0,0,0,0,Child
207,32,15.85,0,1,0,0,0,0,0,0,0,0,0,0,0,0,0,0,0,0,3,0,0,2.0,0,0,0,Young Adult
208,26,18.7875,0,0,0,0,0,0,0,0,0,0,0,0,0,0,0,0,0,0,3,0,0,0.0,0,0,1,Young Adult
209,16,7.75,1,0,0,0,0,0,0,0,0,0,0,0,0,0,0,0,0,0,3,0,0,1.0,0,0,1,Teen
210,40,31.0,0,0,0,0,0,0,0,0,0,0,0,0,0,0,0,0,0,0,1,0,0,0.0,0,0,1,Adult
211,24,7.05,0,0,0,0,0,0,0,0,0,0,0,0,0,0,0,0,0,0,3,0,0,2.0,0,0,0,Young Adult
212,35,21.0,1,0,0,0,0,0,0,0,0,0,0,0,0,0,0,0,0,0,2,0,0,2.0,0,0,1,Young Adult
213,22,7.25,0,0,0,0,0,0,0,0,0,0,0,0,0,0,0,0,0,0,3,0,0,2.0,0,0,0,Young Adult
214,30,13.0,0,0,0,0,0,0,0,0,0,0,0,0,0,0,0,0,0,0,2,0,0,2.0,0,0,0,Young Adult
215,28,7.75,0,1,0,0,0,0,0,0,0,0,0,0,0,0,0,0,0,0,3,0,0,1.0,0,0,0,Young Adult
216,31,113.275,1,1,0,0,0,0,0,0,0,0,0,0,0,0,0,0,0,0,1,0,0,0.0,0,0,1,Young Adult
217,27,7.925,1,0,0,0,0,0,0,0,0,0,0,0,0,0,0,0,0,0,3,0,0,2.0,0,0,1,Young Adult
218,42,27.0,0,1,0,0,0,0,0,0,0,0,0,0,0,0,0,0,0,0,2,0,0,2.0,0,0,0,Adult
219,32,76.2917,1,0,0,0,0,0,0,0,0,0,0,0,0,0,0,0,0,0,1,0,0,0.0,0,0,1,Young Adult
220,30,10.5,0,0,0,0,0,0,0,0,0,0,0,0,0,0,0,0,0,0,2,0,0,2.0,0,0,0,Young Adult
221,16,8.05,0,0,0,0,0,0,0,0,0,0,0,0,0,0,0,0,0,0,3,0,0,2.0,0,0,1,Teen
222,27,13.0,0,0,0,0,0,0,0,0,0,0,0,0,0,0,0,0,0,0,2,0,0,2.0,0,0,0,Young Adult
223,51,8.05,0,0,0,0,0,0,0,0,0,0,0,0,0,0,0,0,0,0,3,0,0,2.0,0,0,0,Adult
224,28,7.8958,0,0,0,0,0,0,0,0,0,0,0,0,0,0,0,0,0,0,3,0,0,2.0,0,0,0,Young Adult
225,38,90.0,0,1,0,0,0,0,0,0,0,0,0,0,0,0,0,0,0,0,1,0,0,2.0,0,0,1,Adult
226,22,9.35,0,0,0,0,0,0,0,0,0,0,0,0,0,0,0,0,0,0,3,0,0,2.0,0,0,0,Young Adult
227,19,10.5,0,0,0,0,0,0,0,0,0,0,0,0,0,0,0,0,0,0,2,0,0,2.0,0,0,1,Young Adult
228,20,7.25,0,0,0,0,0,0,0,0,0,0,0,0,0,0,0,0,0,0,3,0,0,2.0,0,0,0,Young Adult
229,18,13.0,0,0,0,0,0,0,0,0,0,0,0,0,0,0,0,0,0,0,2,0,0,2.0,0,0,0,Teen
230,28,25.4667,1,3,0,0,0,0,0,0,0,1,0,0,0,0,0,0,0,0,3,0,0,2.0,0,0,0,Young Adult
231,35,83.475,1,1,0,0,0,0,0,0,0,0,0,0,0,0,0,0,0,0,1,0,0,2.0,0,0,1,Young Adult
232,29,7.775,0,0,0,0,0,0,0,0,0,0,0,0,0,0,0,0,0,0,3,0,0,2.0,0,0,0,Young Adult
233,59,13.5,0,0,0,0,0,0,0,0,0,0,0,0,0,0,0,0,0,0,2,0,0,2.0,0,0,0,Adult
234,5,31.3875,1,4,0,0,0,0,0,0,0,2,0,0,0,0,0,0,0,0,3,0,0,2.0,0,0,1,Child
235,24,10.5,0,0,0,0,0,0,0,0,0,0,0,0,0,0,0,0,0,0,2,0,0,2.0,0,0,0,Young Adult
236,28,7.55,1,0,0,0,0,0,0,0,0,0,0,0,0,0,0,0,0,0,3,0,0,2.0,0,0,0,Young Adult
237,44,26.0,0,1,0,0,0,0,0,0,0,0,0,0,0,0,0,0,0,0,2,0,0,2.0,0,0,0,Adult
238,8,26.25,1,0,0,0,0,0,0,0,0,2,0,0,0,0,0,0,0,0,2,0,0,2.0,0,0,1,Child
239,19,10.5,0,0,0,0,0,0,0,0,0,0,0,0,0,0,0,0,0,0,2,0,0,2.0,0,0,0,Young Adult
240,33,12.275,0,0,0,0,0,0,0,0,0,0,0,0,0,0,0,0,0,0,2,0,0,2.0,0,0,0,Young Adult
241,28,14.4542,1,1,0,0,0,0,0,0,0,0,0,0,0,0,0,0,0,0,3,0,0,0.0,0,0,0,Young Adult
242,28,15.5,1,1,0,0,0,0,0,0,0,0,0,0,0,0,0,0,0,0,3,0,0,1.0,0,0,1,Young Adult
243,29,10.5,0,0,0,0,0,0,0,0,0,0,0,0,0,0,0,0,0,0,2,0,0,2.0,0,0,0,Young Adult
244,22,7.125,0,0,0,0,0,0,0,0,0,0,0,0,0,0,0,0,0,0,3,0,0,2.0,0,0,0,Young Adult
245,30,7.225,0,0,0,0,0,0,0,0,0,0,0,0,0,0,0,0,0,0,3,0,0,0.0,0,0,0,Young Adult
246,44,90.0,0,2,0,0,0,0,0,0,0,0,0,0,0,0,0,0,0,0,1,0,0,1.0,0,0,0,Adult
247,25,7.775,1,0,0,0,0,0,0,0,0,0,0,0,0,0,0,0,0,0,3,0,0,2.0,0,0,0,Young Adult
248,24,14.5,1,0,0,0,0,0,0,0,0,2,0,0,0,0,0,0,0,0,2,0,0,2.0,0,0,1,Young Adult
249,37,52.5542,0,1,0,0,0,0,0,0,0,1,0,0,0,0,0,0,0,0,1,0,0,2.0,0,0,1,Adult
250,54,26.0,0,1,0,0,0,0,0,0,0,0,0,0,0,0,0,0,0,0,2,0,0,2.0,0,0,0,Adult
251,28,7.25,0,0,0,0,0,0,0,0,0,0,0,0,0,0,0,0,0,0,3,0,0,2.0,0,0,0,Young Adult
252,29,10.4625,1,1,0,0,0,0,0,0,0,1,0,0,0,0,0,0,0,0,3,0,0,2.0,0,0,0,Young Adult
253,62,26.55,0,0,0,0,0,0,0,0,0,0,0,0,0,0,0,0,0,0,1,0,0,2.0,0,0,0,Senior
254,30,16.1,0,1,0,0,0,0,0,0,0,0,0,0,0,0,0,0,0,0,3,0,0,2.0,0,0,0,Young Adult
255,41,20.2125,1,0,0,0,0,0,0,0,0,2,0,0,0,0,0,0,0,0,3,0,0,2.0,0,0,0,Adult
256,29,15.2458,1,0,0,0,0,0,0,0,0,2,0,0,0,0,0,0,0,0,3,0,0,0.0,0,0,1,Young Adult
257,28,79.2,1,0,0,0,0,0,0,0,0,0,0,0,0,0,0,0,0,0,1,0,0,0.0,0,0,1,Young Adult
258,30,86.5,1,0,0,0,0,0,0,0,0,0,0,0,0,0,0,0,0,0,1,0,0,2.0,0,0,1,Young Adult
259,35,512.3292,1,0,0,0,0,0,0,0,0,0,0,0,0,0,0,0,0,0,1,0,0,0.0,0,0,1,Young Adult
260,50,26.0,1,0,0,0,0,0,0,0,0,1,0,0,0,0,0,0,0,0,2,0,0,2.0,0,0,1,Adult
261,28,7.75,0,0,0,0,0,0,0,0,0,0,0,0,0,0,0,0,0,0,3,0,0,1.0,0,0,0,Young Adult
262,3,31.3875,0,4,0,0,0,0,0,0,0,2,0,0,0,0,0,0,0,0,3,0,0,2.0,0,0,1,Child
263,52,79.65,0,1,0,0,0,0,0,0,0,1,0,0,0,0,0,0,0,0,1,0,0,2.0,0,0,0,Adult
264,40,0.0,0,0,0,0,0,0,0,0,0,0,0,0,0,0,0,0,0,0,1,0,0,2.0,0,0,0,Adult
265,28,7.75,1,0,0,0,0,0,0,0,0,0,0,0,0,0,0,0,0,0,3,0,0,1.0,0,0,0,Young Adult
266,36,10.5,0,0,0,0,0,0,0,0,0,0,0,0,0,0,0,0,0,0,2,0,0,2.0,0,0,0,Adult
267,16,39.6875,0,4,0,0,0,0,0,0,0,1,0,0,0,0,0,0,0,0,3,0,0,2.0,0,0,0,Teen
268,25,7.775,0,1,0,0,0,0,0,0,0,0,0,0,0,0,0,0,0,0,3,0,0,2.0,0,0,1,Young Adult
269,58,153.4625,1,0,0,0,0,0,0,0,0,1,0,0,0,0,0,0,0,0,1,0,0,2.0,0,0,1,Adult
270,35,135.6333,1,0,0,0,0,0,0,0,0,0,0,0,0,0,0,0,0,0,1,0,0,2.0,0,0,1,Young Adult
271,28,31.0,0,0,0,0,0,0,0,0,0,0,0,0,0,0,0,0,0,0,1,0,0,2.0,0,0,0,Young Adult
272,25,0.0,0,0,0,0,0,0,0,0,0,0,0,0,0,0,0,0,0,0,3,0,0,2.0,0,0,1,Young Adult
273,41,19.5,1,0,0,0,0,0,0,0,0,1,0,0,0,0,0,0,0,0,2,0,0,2.0,0,0,1,Adult
274,37,29.7,0,0,0,0,0,0,0,0,0,1,0,0,0,0,0,0,0,0,1,0,0,0.0,0,0,0,Adult
275,28,7.75,1,0,0,0,0,0,0,0,0,0,0,0,0,0,0,0,0,0,3,0,0,1.0,0,0,1,Young Adult
276,63,77.9583,1,1,0,0,0,0,0,0,0,0,0,0,0,0,0,0,0,0,1,0,0,2.0,0,0,1,Senior
277,45,7.75,1,0,0,0,0,0,0,0,0,0,0,0,0,0,0,0,0,0,3,0,0,2.0,0,0,0,Adult
278,28,0.0,0,0,0,0,0,0,0,0,0,0,0,0,0,0,0,0,0,0,2,0,0,2.0,0,0,0,Young Adult
279,7,29.125,0,4,0,0,0,0,0,0,0,1,0,0,0,0,0,0,0,0,3,0,0,1.0,0,0,0,Child
280,35,20.25,1,1,0,0,0,0,0,0,0,1,0,0,0,0,0,0,0,0,3,0,0,2.0,0,0,1,Young Adult
281,65,7.75,0,0,0,0,0,0,0,0,0,0,0,0,0,0,0,0,0,0,3,0,0,1.0,0,0,0,Senior
282,28,7.8542,0,0,0,0,0,0,0,0,0,0,0,0,0,0,0,0,0,0,3,0,0,2.0,0,0,0,Young Adult
283,16,9.5,0,0,0,0,0,0,0,0,0,0,0,0,0,0,0,0,0,0,3,0,0,2.0,0,0,0,Teen
284,19,8.05,0,0,0,0,0,0,0,0,0,0,0,0,0,0,0,0,0,0,3,0,0,2.0,0,0,1,Young Adult
285,28,26.0,0,0,0,0,0,0,0,0,0,0,0,0,0,0,0,0,0,0,1,0,0,2.0,0,0,0,Young Adult
286,33,8.6625,0,0,0,0,0,0,0,0,0,0,0,0,0,0,0,0,0,0,3,0,0,0.0,0,0,0,Young Adult
287,30,9.5,0,0,0,0,0,0,0,0,0,0,0,0,0,0,0,0,0,0,3,0,0,2.0,0,0,1,Young Adult
288,22,7.8958,0,0,0,0,0,0,0,0,0,0,0,0,0,0,0,0,0,0,3,0,0,2.0,0,0,0,Young Adult
289,42,13.0,0,0,0,0,0,0,0,0,0,0,0,0,0,0,0,0,0,0,2,0,0,2.0,0,0,1,Adult
290,22,7.75,1,0,0,0,0,0,0,0,0,0,0,0,0,0,0,0,0,0,3,0,0,1.0,0,0,1,Young Adult
291,26,78.85,1,0,0,0,0,0,0,0,0,0,0,0,0,0,0,0,0,0,1,0,0,2.0,0,0,1,Young Adult
292,19,91.0792,1,1,0,0,0,0,0,0,0,0,0,0,0,0,0,0,0,0,1,0,0,0.0,0,0,1,Young Adult
293,36,12.875,0,0,0,0,0,0,0,0,0,0,0,0,0,0,0,0,0,0,2,0,0,0.0,0,0,0,Adult
294,24,8.85,1,0,0,0,0,0,0,0,0,0,0,0,0,0,0,0,0,0,3,0,0,2.0,0,0,0,Young Adult
295,24,7.8958,0,0,0,0,0,0,0,0,0,0,0,0,0,0,0,0,0,0,3,0,0,2.0,0,0,0,Young Adult
296,28,27.7208,0,0,0,0,0,0,0,0,0,0,0,0,0,0,0,0,0,0,1,0,0,0.0,0,0,0,Young Adult
297,23,7.2292,0,0,0,0,0,0,0,0,0,0,0,0,0,0,0,0,0,0,3,0,0,0.0,0,0,0,Young Adult
298,2,151.55,1,1,0,0,0,0,0,0,0,2,0,0,0,0,0,0,0,0,1,0,0,2.0,0,0,0,Child
299,28,30.5,0,0,0,0,0,0,0,0,0,0,0,0,0,0,0,0,0,0,1,0,0,2.0,0,0,1,Young Adult
300,50,247.5208,1,0,0,0,0,0,0,0,0,1,0,0,0,0,0,0,0,0,1,0,0,0.0,0,0,1,Adult
301,28,7.75,1,0,0,0,0,0,0,0,0,0,0,0,0,0,0,0,0,0,3,0,0,1.0,0,0,1,Young Adult
302,28,23.25,0,2,0,0,0,0,0,0,0,0,0,0,0,0,0,0,0,0,3,0,0,1.0,0,0,1,Young Adult
303,19,0.0,0,0,0,0,0,0,0,0,0,0,0,0,0,0,0,0,0,0,3,0,0,2.0,0,0,0,Young Adult
304,28,12.35,1,0,0,0,0,0,0,0,0,0,0,0,0,0,0,0,0,0,2,0,0,1.0,0,0,1,Young Adult
305,28,8.05,0,0,0,0,0,0,0,0,0,0,0,0,0,0,0,0,0,0,3,0,0,2.0,0,0,0,Young Adult
306,0,151.55,0,1,0,0,0,0,0,0,0,2,0,0,0,0,0,0,0,0,1,0,0,2.0,0,0,1,
307,28,110.8833,1,0,0,0,0,0,0,0,0,0,0,0,0,0,0,0,0,0,1,0,0,0.0,0,0,1,Young Adult
308,17,108.9,1,1,0,0,0,0,0,0,0,0,0,0,0,0,0,0,0,0,1,0,0,0.0,0,0,1,Teen
309,30,24.0,0,1,0,0,0,0,0,0,0,0,0,0,0,0,0,0,0,0,2,0,0,0.0,0,0,0,Young Adult
310,30,56.9292,1,0,0,0,0,0,0,0,0,0,0,0,0,0,0,0,0,0,1,0,0,0.0,0,0,1,Young Adult
311,24,83.1583,1,0,0,0,0,0,0,0,0,0,0,0,0,0,0,0,0,0,1,0,0,0.0,0,0,1,Young Adult
312,18,262.375,1,2,0,0,0,0,0,0,0,2,0,0,0,0,0,0,0,0,1,0,0,0.0,0,0,1,Teen
313,26,26.0,1,1,0,0,0,0,0,0,0,1,0,0,0,0,0,0,0,0,2,0,0,2.0,0,0,0,Young Adult
314,28,7.8958,0,0,0,0,0,0,0,0,0,0,0,0,0,0,0,0,0,0,3,0,0,2.0,0,0,0,Young Adult
315,43,26.25,0,1,0,0,0,0,0,0,0,1,0,0,0,0,0,0,0,0,2,0,0,2.0,0,0,0,Adult
316,26,7.8542,1,0,0,0,0,0,0,0,0,0,0,0,0,0,0,0,0,0,3,0,0,2.0,0,0,1,Young Adult
317,24,26.0,1,1,0,0,0,0,0,0,0,0,0,0,0,0,0,0,0,0,2,0,0,2.0,0,0,1,Young Adult
318,54,14.0,0,0,0,0,0,0,0,0,0,0,0,0,0,0,0,0,0,0,2,0,0,2.0,0,0,0,Adult
319,31,164.8667,1,0,0,0,0,0,0,0,0,2,0,0,0,0,0,0,0,0,1,0,0,2.0,0,0,1,Young Adult
320,40,134.5,1,1,0,0,0,0,0,0,0,1,0,0,0,0,0,0,0,0,1,0,0,0.0,0,0,1,Adult
321,22,7.25,0,0,0,0,0,0,0,0,0,0,0,0,0,0,0,0,0,0,3,0,0,2.0,0,0,0,Young Adult
322,27,7.8958,0,0,0,0,0,0,0,0,0,0,0,0,0,0,0,0,0,0,3,0,0,2.0,0,0,0,Young Adult
323,30,12.35,1,0,0,0,0,0,0,0,0,0,0,0,0,0,0,0,0,0,2,0,0,1.0,0,0,1,Young Adult
324,22,29.0,1,1,0,0,0,0,0,0,0,1,0,0,0,0,0,0,0,0,2,0,0,2.0,0,0,1,Young Adult
325,28,69.55,0,8,0,0,0,0,0,0,0,2,0,0,0,0,0,0,0,0,3,0,0,2.0,0,0,0,Young Adult
326,36,135.6333,1,0,0,0,0,0,0,0,0,0,0,0,0,0,0,0,0,0,1,0,0,0.0,0,0,1,Adult
327,61,6.2375,0,0,0,0,0,0,0,0,0,0,0,0,0,0,0,0,0,0,3,0,0,2.0,0,0,0,Senior
328,36,13.0,1,0,0,0,0,0,0,0,0,0,0,0,0,0,0,0,0,0,2,0,0,2.0,0,0,1,Adult
329,31,20.525,1,1,0,0,0,0,0,0,0,1,0,0,0,0,0,0,0,0,3,0,0,2.0,0,0,1,Young Adult
330,16,57.9792,1,0,0,0,0,0,0,0,0,1,0,0,0,0,0,0,0,0,1,0,0,0.0,0,0,1,Teen
331,28,23.25,1,2,0,0,0,0,0,0,0,0,0,0,0,0,0,0,0,0,3,0,0,1.0,0,0,1,Young Adult
332,45,28.5,0,0,0,0,0,0,0,0,0,0,0,0,0,0,0,0,0,0,1,0,0,2.0,0,0,0,Adult
333,38,153.4625,0,0,0,0,0,0,0,0,0,1,0,0,0,0,0,0,0,0,1,0,0,2.0,0,0,0,Adult
334,16,18.0,0,2,0,0,0,0,0,0,0,0,0,0,0,0,0,0,0,0,3,0,0,2.0,0,0,0,Teen
335,28,133.65,1,1,0,0,0,0,0,0,0,0,0,0,0,0,0,0,0,0,1,0,0,2.0,0,0,1,Young Adult
336,28,7.8958,0,0,0,0,0,0,0,0,0,0,0,0,0,0,0,0,0,0,3,0,0,2.0,0,0,0,Young Adult
337,29,66.6,0,1,0,0,0,0,0,0,0,0,0,0,0,0,0,0,0,0,1,0,0,2.0,0,0,0,Young Adult
338,41,134.5,1,0,0,0,0,0,0,0,0,0,0,0,0,0,0,0,0,0,1,0,0,0.0,0,0,1,Adult
339,45,8.05,0,0,0,0,0,0,0,0,0,0,0,0,0,0,0,0,0,0,3,0,0,2.0,0,0,1,Adult
340,45,35.5,0,0,0,0,0,0,0,0,0,0,0,0,0,0,0,0,0,0,1,0,0,2.0,0,0,0,Adult
341,2,26.0,0,1,0,0,0,0,0,0,0,1,0,0,0,0,0,0,0,0,2,0,0,2.0,0,0,1,Child
342,24,263.0,1,3,0,0,0,0,0,0,0,2,0,0,0,0,0,0,0,0,1,0,0,2.0,0,0,1,Young Adult
343,28,13.0,0,0,0,0,0,0,0,0,0,0,0,0,0,0,0,0,0,0,2,0,0,2.0,0,0,0,Young Adult
344,25,13.0,0,0,0,0,0,0,0,0,0,0,0,0,0,0,0,0,0,0,2,0,0,2.0,0,0,0,Young Adult
345,36,13.0,0,0,0,0,0,0,0,0,0,0,0,0,0,0,0,0,0,0,2,0,0,2.0,0,0,0,Adult
346,24,13.0,1,0,0,0,0,0,0,0,0,0,0,0,0,0,0,0,0,0,2,0,0,2.0,0,0,1,Young Adult
347,40,13.0,1,0,0,0,0,0,0,0,0,0,0,0,0,0,0,0,0,0,2,0,0,2.0,0,0,1,Adult
348,28,16.1,1,1,0,0,0,0,0,0,0,0,0,0,0,0,0,0,0,0,3,0,0,2.0,0,0,1,Young Adult
349,3,15.9,0,1,0,0,0,0,0,0,0,1,0,0,0,0,0,0,0,0,3,0,0,2.0,0,0,1,Child
350,42,8.6625,0,0,0,0,0,0,0,0,0,0,0,0,0,0,0,0,0,0,3,0,0,2.0,0,0,0,Adult
351,23,9.225,0,0,0,0,0,0,0,0,0,0,0,0,0,0,0,0,0,0,3,0,0,2.0,0,0,0,Young Adult
352,28,35.0,0,0,0,0,0,0,0,0,0,0,0,0,0,0,0,0,0,0,1,0,0,2.0,0,0,0,Young Adult
353,15,7.2292,0,1,0,0,0,0,0,0,0,1,0,0,0,0,0,0,0,0,3,0,0,0.0,0,0,0,Teen
354,25,17.8,0,1,0,0,0,0,0,0,0,0,0,0,0,0,0,0,0,0,3,0,0,2.0,0,0,0,Young Adult
355,28,7.225,0,0,0,0,0,0,0,0,0,0,0,0,0,0,0,0,0,0,3,0,0,0.0,0,0,0,Young Adult
356,28,9.5,0,0,0,0,0,0,0,0,0,0,0,0,0,0,0,0,0,0,3,0,0,2.0,0,0,0,Young Adult
357,22,55.0,1,0,0,0,0,0,0,0,0,1,0,0,0,0,0,0,0,0,1,0,0,2.0,0,0,1,Young Adult
358,38,13.0,1,0,0,0,0,0,0,0,0,0,0,0,0,0,0,0,0,0,2,0,0,2.0,0,0,0,Adult
359,28,7.8792,1,0,0,0,0,0,0,0,0,0,0,0,0,0,0,0,0,0,3,0,0,1.0,0,0,1,Young Adult
360,28,7.8792,1,0,0,0,0,0,0,0,0,0,0,0,0,0,0,0,0,0,3,0,0,1.0,0,0,1,Young Adult
361,40,27.9,0,1,0,0,0,0,0,0,0,4,0,0,0,0,0,0,0,0,3,0,0,2.0,0,0,0,Adult
362,29,27.7208,0,1,0,0,0,0,0,0,0,0,0,0,0,0,0,0,0,0,2,0,0,0.0,0,0,0,Young Adult
363,45,14.4542,1,0,0,0,0,0,0,0,0,1,0,0,0,0,0,0,0,0,3,0,0,0.0,0,0,0,Adult
364,35,7.05,0,0,0,0,0,0,0,0,0,0,0,0,0,0,0,0,0,0,3,0,0,2.0,0,0,0,Young Adult
365,28,15.5,0,1,0,0,0,0,0,0,0,0,0,0,0,0,0,0,0,0,3,0,0,1.0,0,0,0,Young Adult
366,30,7.25,0,0,0,0,0,0,0,0,0,0,0,0,0,0,0,0,0,0,3,0,0,2.0,0,0,0,Young Adult
367,60,75.25,1,1,0,0,0,0,0,0,0,0,0,0,0,0,0,0,0,0,1,0,0,0.0,0,0,1,Adult
368,28,7.2292,1,0,0,0,0,0,0,0,0,0,0,0,0,0,0,0,0,0,3,0,0,0.0,0,0,1,Young Adult
369,28,7.75,1,0,0,0,0,0,0,0,0,0,0,0,0,0,0,0,0,0,3,0,0,1.0,0,0,1,Young Adult
370,24,69.3,1,0,0,0,0,0,0,0,0,0,0,0,0,0,0,0,0,0,1,0,0,0.0,0,0,1,Young Adult
371,25,55.4417,0,1,0,0,0,0,0,0,0,0,0,0,0,0,0,0,0,0,1,0,0,0.0,0,0,1,Young Adult
372,18,6.4958,0,1,0,0,0,0,0,0,0,0,0,0,0,0,0,0,0,0,3,0,0,2.0,0,0,0,Teen
373,19,8.05,0,0,0,0,0,0,0,0,0,0,0,0,0,0,0,0,0,0,3,0,0,2.0,0,0,0,Young Adult
374,22,135.6333,0,0,0,0,0,0,0,0,0,0,0,0,0,0,0,0,0,0,1,0,0,0.0,0,0,0,Young Adult
375,3,21.075,1,3,0,0,0,0,0,0,0,1,0,0,0,0,0,0,0,0,3,0,0,2.0,0,0,0,Child
376,28,82.1708,1,1,0,0,0,0,0,0,0,0,0,0,0,0,0,0,0,0,1,0,0,0.0,0,0,1,Young Adult
377,22,7.25,1,0,0,0,0,0,0,0,0,0,0,0,0,0,0,0,0,0,3,0,0,2.0,0,0,1,Young Adult
378,27,211.5,0,0,0,0,0,0,0,0,0,2,0,0,0,0,0,0,0,0,1,0,0,0.0,0,0,0,Young Adult
379,20,4.0125,0,0,0,0,0,0,0,0,0,0,0,0,0,0,0,0,0,0,3,0,0,0.0,0,0,0,Young Adult
380,19,7.775,0,0,0,0,0,0,0,0,0,0,0,0,0,0,0,0,0,0,3,0,0,2.0,0,0,0,Young Adult
381,42,227.525,1,0,0,0,0,0,0,0,0,0,0,0,0,0,0,0,0,0,1,0,0,0.0,0,0,1,Adult
382,1,15.7417,1,0,0,0,0,0,0,0,0,2,0,0,0,0,0,0,0,0,3,0,0,0.0,0,0,1,Child
383,32,7.925,0,0,0,0,0,0,0,0,0,0,0,0,0,0,0,0,0,0,3,0,0,2.0,0,0,0,Young Adult
384,35,52.0,1,1,0,0,0,0,0,0,0,0,0,0,0,0,0,0,0,0,1,0,0,2.0,0,0,1,Young Adult
385,28,7.8958,0,0,0,0,0,0,0,0,0,0,0,0,0,0,0,0,0,0,3,0,0,2.0,0,0,0,Young Adult
386,18,73.5,0,0,0,0,0,0,0,0,0,0,0,0,0,0,0,0,0,0,2,0,0,2.0,0,0,0,Teen
387,1,46.9,0,5,0,0,0,0,0,0,0,2,0,0,0,0,0,0,0,0,3,0,0,2.0,0,0,0,Child
388,36,13.0,1,0,0,0,0,0,0,0,0,0,0,0,0,0,0,0,0,0,2,0,0,2.0,0,0,1,Adult
389,28,7.7292,0,0,0,0,0,0,0,0,0,0,0,0,0,0,0,0,0,0,3,0,0,1.0,0,0,0,Young Adult
390,17,12.0,1,0,0,0,0,0,0,0,0,0,0,0,0,0,0,0,0,0,2,0,0,0.0,0,0,1,Teen
391,36,120.0,0,1,0,0,0,0,0,0,0,2,0,0,0,0,0,0,0,0,1,0,0,2.0,0,0,1,Adult
392,21,7.7958,0,0,0,0,0,0,0,0,0,0,0,0,0,0,0,0,0,0,3,0,0,2.0,0,0,1,Young Adult
393,28,7.925,0,2,0,0,0,0,0,0,0,0,0,0,0,0,0,0,0,0,3,0,0,2.0,0,0,0,Young Adult
394,23,113.275,1,1,0,0,0,0,0,0,0,0,0,0,0,0,0,0,0,0,1,0,0,0.0,0,0,1,Young Adult
395,24,16.7,1,0,0,0,0,0,0,0,0,2,0,0,0,0,0,0,0,0,3,0,0,2.0,0,0,1,Young Adult
396,22,7.7958,0,0,0,0,0,0,0,0,0,0,0,0,0,0,0,0,0,0,3,0,0,2.0,0,0,0,Young Adult
397,31,7.8542,1,0,0,0,0,0,0,0,0,0,0,0,0,0,0,0,0,0,3,0,0,2.0,0,0,0,Young Adult
398,46,26.0,0,0,0,0,0,0,0,0,0,0,0,0,0,0,0,0,0,0,2,0,0,2.0,0,0,0,Adult
399,23,10.5,0,0,0,0,0,0,0,0,0,0,0,0,0,0,0,0,0,0,2,0,0,2.0,0,0,0,Young Adult
400,28,12.65,1,0,0,0,0,0,0,0,0,0,0,0,0,0,0,0,0,0,2,0,0,2.0,0,0,1,Young Adult
401,39,7.925,0,0,0,0,0,0,0,0,0,0,0,0,0,0,0,0,0,0,3,0,0,2.0,0,0,1,Adult
402,26,8.05,0,0,0,0,0,0,0,0,0,0,0,0,0,0,0,0,0,0,3,0,0,2.0,0,0,0,Young Adult
403,21,9.825,1,1,0,0,0,0,0,0,0,0,0,0,0,0,0,0,0,0,3,0,0,2.0,0,0,0,Young Adult
404,28,15.85,0,1,0,0,0,0,0,0,0,0,0,0,0,0,0,0,0,0,3,0,0,2.0,0,0,0,Young Adult
405,20,8.6625,1,0,0,0,0,0,0,0,0,0,0,0,0,0,0,0,0,0,3,0,0,2.0,0,0,0,Young Adult
406,34,21.0,0,1,0,0,0,0,0,0,0,0,0,0,0,0,0,0,0,0,2,0,0,2.0,0,0,0,Young Adult
407,51,7.75,0,0,0,0,0,0,0,0,0,0,0,0,0,0,0,0,0,0,3,0,0,2.0,0,0,0,Adult
408,3,18.75,0,1,0,0,0,0,0,0,0,1,0,0,0,0,0,0,0,0,2,0,0,2.0,0,0,1,Child
409,21,7.775,0,0,0,0,0,0,0,0,0,0,0,0,0,0,0,0,0,0,3,0,0,2.0,0,0,0,Young Adult
410,28,25.4667,1,3,0,0,0,0,0,0,0,1,0,0,0,0,0,0,0,0,3,0,0,2.0,0,0,0,Young Adult
411,28,7.8958,0,0,0,0,0,0,0,0,0,0,0,0,0,0,0,0,0,0,3,0,0,2.0,0,0,0,Young Adult
412,28,6.8583,0,0,0,0,0,0,0,0,0,0,0,0,0,0,0,0,0,0,3,0,0,1.0,0,0,0,Young Adult
413,33,90.0,1,1,0,0,0,0,0,0,0,0,0,0,0,0,0,0,0,0,1,0,0,1.0,0,0,1,Young Adult
414,28,0.0,0,0,0,0,0,0,0,0,0,0,0,0,0,0,0,0,0,0,2,0,0,2.0,0,0,0,Young Adult
415,44,7.925,0,0,0,0,0,0,0,0,0,0,0,0,0,0,0,0,0,0,3,0,0,2.0,0,0,1,Adult
416,28,8.05,1,0,0,0,0,0,0,0,0,0,0,0,0,0,0,0,0,0,3,0,0,2.0,0,0,0,Young Adult
417,34,32.5,1,1,0,0,0,0,0,0,0,1,0,0,0,0,0,0,0,0,2,0,0,2.0,0,0,1,Young Adult
418,18,13.0,1,0,0,0,0,0,0,0,0,2,0,0,0,0,0,0,0,0,2,0,0,2.0,0,0,1,Teen
419,30,13.0,0,0,0,0,0,0,0,0,0,0,0,0,0,0,0,0,0,0,2,0,0,2.0,0,0,0,Young Adult
420,10,24.15,1,0,0,0,0,0,0,0,0,2,0,0,0,0,0,0,0,0,3,0,0,2.0,0,0,0,Child
421,28,7.8958,0,0,0,0,0,0,0,0,0,0,0,0,0,0,0,0,0,0,3,0,0,0.0,0,0,0,Young Adult
422,21,7.7333,0,0,0,0,0,0,0,0,0,0,0,0,0,0,0,0,0,0,3,0,0,1.0,0,0,0,Young Adult
423,29,7.875,0,0,0,0,0,0,0,0,0,0,0,0,0,0,0,0,0,0,3,0,0,2.0,0,0,0,Young Adult
424,28,14.4,1,1,0,0,0,0,0,0,0,1,0,0,0,0,0,0,0,0,3,0,0,2.0,0,0,0,Young Adult
425,18,20.2125,0,1,0,0,0,0,0,0,0,1,0,0,0,0,0,0,0,0,3,0,0,2.0,0,0,0,Teen
426,28,7.25,0,0,0,0,0,0,0,0,0,0,0,0,0,0,0,0,0,0,3,0,0,2.0,0,0,0,Young Adult
427,28,26.0,1,1,0,0,0,0,0,0,0,0,0,0,0,0,0,0,0,0,2,0,0,2.0,0,0,1,Young Adult
428,19,26.0,1,0,0,0,0,0,0,0,0,0,0,0,0,0,0,0,0,0,2,0,0,2.0,0,0,1,Young Adult
429,28,7.75,0,0,0,0,0,0,0,0,0,0,0,0,0,0,0,0,0,0,3,0,0,1.0,0,0,0,Young Adult
430,32,8.05,0,0,0,0,0,0,0,0,0,0,0,0,0,0,0,0,0,0,3,0,0,2.0,0,0,1,Young Adult
431,28,26.55,0,0,0,0,0,0,0,0,0,0,0,0,0,0,0,0,0,0,1,0,0,2.0,0,0,1,Young Adult
432,28,16.1,1,1,0,0,0,0,0,0,0,0,0,0,0,0,0,0,0,0,3,0,0,2.0,0,0,1,Young Adult
433,42,26.0,1,1,0,0,0,0,0,0,0,0,0,0,0,0,0,0,0,0,2,0,0,2.0,0,0,1,Adult
434,17,7.125,0,0,0,0,0,0,0,0,0,0,0,0,0,0,0,0,0,0,3,0,0,2.0,0,0,0,Teen
435,50,55.9,0,1,0,0,0,0,0,0,0,0,0,0,0,0,0,0,0,0,1,0,0,2.0,0,0,0,Adult
436,14,120.0,1,1,0,0,0,0,0,0,0,2,0,0,0,0,0,0,0,0,1,0,0,2.0,0,0,1,Teen
437,21,34.375,1,2,0,0,0,0,0,0,0,2,0,0,0,0,0,0,0,0,3,0,0,2.0,0,0,0,Young Adult
438,24,18.75,1,2,0,0,0,0,0,0,0,3,0,0,0,0,0,0,0,0,2,0,0,2.0,0,0,1,Young Adult
439,64,263.0,0,1,0,0,0,0,0,0,0,4,0,0,0,0,0,0,0,0,1,0,0,2.0,0,0,0,Senior
440,31,10.5,0,0,0,0,0,0,0,0,0,0,0,0,0,0,0,0,0,0,2,0,0,2.0,0,0,0,Young Adult
441,45,26.25,1,1,0,0,0,0,0,0,0,1,0,0,0,0,0,0,0,0,2,0,0,2.0,0,0,1,Adult
442,20,9.5,0,0,0,0,0,0,0,0,0,0,0,0,0,0,0,0,0,0,3,0,0,2.0,0,0,0,Young Adult
443,25,7.775,0,1,0,0,0,0,0,0,0,0,0,0,0,0,0,0,0,0,3,0,0,2.0,0,0,0,Young Adult
444,28,13.0,1,0,0,0,0,0,0,0,0,0,0,0,0,0,0,0,0,0,2,0,0,2.0,0,0,1,Young Adult
445,28,8.1125,0,0,0,0,0,0,0,0,0,0,0,0,0,0,0,0,0,0,3,0,0,2.0,0,0,1,Young Adult
446,4,81.8583,0,0,0,0,0,0,0,0,0,2,0,0,0,0,0,0,0,0,1,0,0,2.0,0,0,1,Child
447,13,19.5,1,0,0,0,0,0,0,0,0,1,0,0,0,0,0,0,0,0,2,0,0,2.0,0,0,1,Teen
448,34,26.55,0,0,0,0,0,0,0,0,0,0,0,0,0,0,0,0,0,0,1,0,0,2.0,0,0,1,Young Adult
449,5,19.2583,1,2,0,0,0,0,0,0,0,1,0,0,0,0,0,0,0,0,3,0,0,0.0,0,0,1,Child
450,52,30.5,0,0,0,0,0,0,0,0,0,0,0,0,0,0,0,0,0,0,1,0,0,2.0,0,0,1,Adult
451,36,27.75,0,1,0,0,0,0,0,0,0,2,0,0,0,0,0,0,0,0,2,0,0,2.0,0,0,0,Adult
452,28,19.9667,0,1,0,0,0,0,0,0,0,0,0,0,0,0,0,0,0,0,3,0,0,2.0,0,0,0,Young Adult
453,30,27.75,0,0,0,0,0,0,0,0,0,0,0,0,0,0,0,0,0,0,1,0,0,0.0,0,0,0,Young Adult
454,49,89.1042,0,1,0,0,0,0,0,0,0,0,0,0,0,0,0,0,0,0,1,0,0,0.0,0,0,1,Adult
455,28,8.05,0,0,0,0,0,0,0,0,0,0,0,0,0,0,0,0,0,0,3,0,0,2.0,0,0,0,Young Adult
456,29,7.8958,0,0,0,0,0,0,0,0,0,0,0,0,0,0,0,0,0,0,3,0,0,0.0,0,0,1,Young Adult
457,65,26.55,0,0,0,0,0,0,0,0,0,0,0,0,0,0,0,0,0,0,1,0,0,2.0,0,0,0,Senior
458,28,51.8625,1,1,0,0,0,0,0,0,0,0,0,0,0,0,0,0,0,0,1,0,0,2.0,0,0,1,Young Adult
459,50,10.5,1,0,0,0,0,0,0,0,0,0,0,0,0,0,0,0,0,0,2,0,0,2.0,0,0,1,Adult
460,28,7.75,0,0,0,0,0,0,0,0,0,0,0,0,0,0,0,0,0,0,3,0,0,1.0,0,0,0,Young Adult
461,48,26.55,0,0,0,0,0,0,0,0,0,0,0,0,0,0,0,0,0,0,1,0,0,2.0,0,0,1,Adult
462,34,8.05,0,0,0,0,0,0,0,0,0,0,0,0,0,0,0,0,0,0,3,0,0,2.0,0,0,0,Young Adult
463,47,38.5,0,0,0,0,0,0,0,0,0,0,0,0,0,0,0,0,0,0,1,0,0,2.0,0,0,0,Adult
464,48,13.0,0,0,0,0,0,0,0,0,0,0,0,0,0,0,0,0,0,0,2,0,0,2.0,0,0,0,Adult
465,28,8.05,0,0,0,0,0,0,0,0,0,0,0,0,0,0,0,0,0,0,3,0,0,2.0,0,0,0,Young Adult
466,38,7.05,0,0,0,0,0,0,0,0,0,0,0,0,0,0,0,0,0,0,3,0,0,2.0,0,0,0,Adult
467,28,0.0,0,0,0,0,0,0,0,0,0,0,0,0,0,0,0,0,0,0,2,0,0,2.0,0,0,0,Young Adult
468,56,26.55,0,0,0,0,0,0,0,0,0,0,0,0,0,0,0,0,0,0,1,0,0,2.0,0,0,0,Adult
469,28,7.725,0,0,0,0,0,0,0,0,0,0,0,0,0,0,0,0,0,0,3,0,0,1.0,0,0,0,Young Adult
470,0,19.2583,1,2,0,0,0,0,0,0,0,1,0,0,0,0,0,0,0,0,3,0,0,0.0,0,0,1,
471,28,7.25,0,0,0,0,0,0,0,0,0,0,0,0,0,0,0,0,0,0,3,0,0,2.0,0,0,0,Young Adult
472,38,8.6625,0,0,0,0,0,0,0,0,0,0,0,0,0,0,0,0,0,0,3,0,0,2.0,0,0,0,Adult
473,33,27.75,1,1,0,0,0,0,0,0,0,2,0,0,0,0,0,0,0,0,2,0,0,2.0,0,0,1,Young Adult
474,23,13.7917,1,0,0,0,0,0,0,0,0,0,0,0,0,0,0,0,0,0,2,0,0,0.0,0,0,1,Young Adult
475,22,9.8375,1,0,0,0,0,0,0,0,0,0,0,0,0,0,0,0,0,0,3,0,0,2.0,0,0,0,Young Adult
476,28,52.0,0,0,0,0,0,0,0,0,0,0,0,0,0,0,0,0,0,0,1,0,0,2.0,0,0,0,Young Adult
477,34,21.0,0,1,0,0,0,0,0,0,0,0,0,0,0,0,0,0,0,0,2,0,0,2.0,0,0,0,Young Adult
478,29,7.0458,0,1,0,0,0,0,0,0,0,0,0,0,0,0,0,0,0,0,3,0,0,2.0,0,0,0,Young Adult
479,22,7.5208,0,0,0,0,0,0,0,0,0,0,0,0,0,0,0,0,0,0,3,0,0,2.0,0,0,0,Young Adult
480,2,12.2875,1,0,0,0,0,0,0,0,0,1,0,0,0,0,0,0,0,0,3,0,0,2.0,0,0,1,Child
481,9,46.9,0,5,0,0,0,0,0,0,0,2,0,0,0,0,0,0,0,0,3,0,0,2.0,0,0,0,Child
482,28,0.0,0,0,0,0,0,0,0,0,0,0,0,0,0,0,0,0,0,0,2,0,0,2.0,0,0,0,Young Adult
483,50,8.05,0,0,0,0,0,0,0,0,0,0,0,0,0,0,0,0,0,0,3,0,0,2.0,0,0,0,Adult
484,63,9.5875,1,0,0,0,0,0,0,0,0,0,0,0,0,0,0,0,0,0,3,0,0,2.0,0,0,1,Senior
485,25,91.0792,0,1,0,0,0,0,0,0,0,0,0,0,0,0,0,0,0,0,1,0,0,0.0,0,0,1,Young Adult
486,28,25.4667,1,3,0,0,0,0,0,0,0,1,0,0,0,0,0,0,0,0,3,0,0,2.0,0,0,0,Young Adult
487,35,90.0,1,1,0,0,0,0,0,0,0,0,0,0,0,0,0,0,0,0,1,0,0,2.0,0,0,1,Young Adult
488,58,29.7,0,0,0,0,0,0,0,0,0,0,0,0,0,0,0,0,0,0,1,0,0,0.0,0,0,0,Adult
489,30,8.05,0,0,0,0,0,0,0,0,0,0,0,0,0,0,0,0,0,0,3,0,0,2.0,0,0,0,Young Adult
490,9,15.9,0,1,0,0,0,0,0,0,0,1,0,0,0,0,0,0,0,0,3,0,0,2.0,0,0,1,Child
491,28,19.9667,0,1,0,0,0,0,0,0,0,0,0,0,0,0,0,0,0,0,3,0,0,2.0,0,0,0,Young Adult
492,21,7.25,0,0,0,0,0,0,0,0,0,0,0,0,0,0,0,0,0,0,3,0,0,2.0,0,0,0,Young Adult
493,55,30.5,0,0,0,0,0,0,0,0,0,0,0,0,0,0,0,0,0,0,1,0,0,2.0,0,0,0,Adult
494,71,49.5042,0,0,0,0,0,0,0,0,0,0,0,0,0,0,0,0,0,0,1,0,0,0.0,0,0,0,Senior
495,21,8.05,0,0,0,0,0,0,0,0,0,0,0,0,0,0,0,0,0,0,3,0,0,2.0,0,0,0,Young Adult
496,28,14.4583,0,0,0,0,0,0,0,0,0,0,0,0,0,0,0,0,0,0,3,0,0,0.0,0,0,0,Young Adult
497,54,78.2667,1,1,0,0,0,0,0,0,0,0,0,0,0,0,0,0,0,0,1,0,0,0.0,0,0,1,Adult
498,28,15.1,0,0,0,0,0,0,0,0,0,0,0,0,0,0,0,0,0,0,3,0,0,2.0,0,0,0,Young Adult
499,25,151.55,1,1,0,0,0,0,0,0,0,2,0,0,0,0,0,0,0,0,1,0,0,2.0,0,0,0,Young Adult
500,24,7.7958,0,0,0,0,0,0,0,0,0,0,0,0,0,0,0,0,0,0,3,0,0,2.0,0,0,0,Young Adult
501,17,8.6625,0,0,0,0,0,0,0,0,0,0,0,0,0,0,0,0,0,0,3,0,0,2.0,0,0,0,Teen
502,21,7.75,1,0,0,0,0,0,0,0,0,0,0,0,0,0,0,0,0,0,3,0,0,1.0,0,0,0,Young Adult
503,28,7.6292,1,0,0,0,0,0,0,0,0,0,0,0,0,0,0,0,0,0,3,0,0,1.0,0,0,0,Young Adult
504,37,9.5875,1,0,0,0,0,0,0,0,0,0,0,0,0,0,0,0,0,0,3,0,0,2.0,0,0,0,Adult
505,16,86.5,1,0,0,0,0,0,0,0,0,0,0,0,0,0,0,0,0,0,1,0,0,2.0,0,0,1,Teen
506,18,108.9,0,1,0,0,0,0,0,0,0,0,0,0,0,0,0,0,0,0,1,0,0,0.0,0,0,0,Teen
507,33,26.0,1,0,0,0,0,0,0,0,0,2,0,0,0,0,0,0,0,0,2,0,0,2.0,0,0,1,Young Adult
508,28,26.55,0,0,0,0,0,0,0,0,0,0,0,0,0,0,0,0,0,0,1,0,0,2.0,0,0,1,Young Adult
509,28,22.525,0,0,0,0,0,0,0,0,0,0,0,0,0,0,0,0,0,0,3,0,0,2.0,0,0,0,Young Adult
510,26,56.4958,0,0,0,0,0,0,0,0,0,0,0,0,0,0,0,0,0,0,3,0,0,2.0,0,0,1,Young Adult
511,29,7.75,0,0,0,0,0,0,0,0,0,0,0,0,0,0,0,0,0,0,3,0,0,1.0,0,0,1,Young Adult
512,28,8.05,0,0,0,0,0,0,0,0,0,0,0,0,0,0,0,0,0,0,3,0,0,2.0,0,0,0,Young Adult
513,36,26.2875,0,0,0,0,0,0,0,0,0,0,0,0,0,0,0,0,0,0,1,0,0,2.0,0,0,1,Adult
514,54,59.4,1,1,0,0,0,0,0,0,0,0,0,0,0,0,0,0,0,0,1,0,0,0.0,0,0,1,Adult
515,24,7.4958,0,0,0,0,0,0,0,0,0,0,0,0,0,0,0,0,0,0,3,0,0,2.0,0,0,0,Young Adult
516,47,34.0208,0,0,0,0,0,0,0,0,0,0,0,0,0,0,0,0,0,0,1,0,0,2.0,0,0,0,Adult
517,34,10.5,1,0,0,0,0,0,0,0,0,0,0,0,0,0,0,0,0,0,2,0,0,2.0,0,0,1,Young Adult
518,28,24.15,0,0,0,0,0,0,0,0,0,0,0,0,0,0,0,0,0,0,3,0,0,1.0,0,0,0,Young Adult
519,36,26.0,1,1,0,0,0,0,0,0,0,0,0,0,0,0,0,0,0,0,2,0,0,2.0,0,0,1,Adult
520,32,7.8958,0,0,0,0,0,0,0,0,0,0,0,0,0,0,0,0,0,0,3,0,0,2.0,0,0,0,Young Adult
521,30,93.5,1,0,0,0,0,0,0,0,0,0,0,0,0,0,0,0,0,0,1,0,0,2.0,0,0,1,Young Adult
522,22,7.8958,0,0,0,0,0,0,0,0,0,0,0,0,0,0,0,0,0,0,3,0,0,2.0,0,0,0,Young Adult
523,28,7.225,0,0,0,0,0,0,0,0,0,0,0,0,0,0,0,0,0,0,3,0,0,0.0,0,0,0,Young Adult
524,44,57.9792,1,0,0,0,0,0,0,0,0,1,0,0,0,0,0,0,0,0,1,0,0,0.0,0,0,1,Adult
525,28,7.2292,0,0,0,0,0,0,0,0,0,0,0,0,0,0,0,0,0,0,3,0,0,0.0,0,0,0,Young Adult
526,40,7.75,0,0,0,0,0,0,0,0,0,0,0,0,0,0,0,0,0,0,3,0,0,1.0,0,0,0,Adult
527,50,10.5,1,0,0,0,0,0,0,0,0,0,0,0,0,0,0,0,0,0,2,0,0,2.0,0,0,1,Adult
528,28,221.7792,0,0,0,0,0,0,0,0,0,0,0,0,0,0,0,0,0,0,1,0,0,2.0,0,0,0,Young Adult
529,39,7.925,0,0,0,0,0,0,0,0,0,0,0,0,0,0,0,0,0,0,3,0,0,2.0,0,0,0,Adult
530,23,11.5,0,2,0,0,0,0,0,0,0,1,0,0,0,0,0,0,0,0,2,0,0,2.0,0,0,0,Young Adult
531,2,26.0,1,1,0,0,0,0,0,0,0,1,0,0,0,0,0,0,0,0,2,0,0,2.0,0,0,1,Child
532,28,7.2292,0,0,0,0,0,0,0,0,0,0,0,0,0,0,0,0,0,0,3,0,0,0.0,0,0,0,Young Adult
533,17,7.2292,0,1,0,0,0,0,0,0,0,1,0,0,0,0,0,0,0,0,3,0,0,0.0,0,0,0,Teen
534,28,22.3583,1,0,0,0,0,0,0,0,0,2,0,0,0,0,0,0,0,0,3,0,0,0.0,0,0,1,Young Adult
535,30,8.6625,1,0,0,0,0,0,0,0,0,0,0,0,0,0,0,0,0,0,3,0,0,2.0,0,0,0,Young Adult
536,7,26.25,1,0,0,0,0,0,0,0,0,2,0,0,0,0,0,0,0,0,2,0,0,2.0,0,0,1,Child
537,45,26.55,0,0,0,0,0,0,0,0,0,0,0,0,0,0,0,0,0,0,1,0,0,2.0,0,0,0,Adult
538,30,106.425,1,0,0,0,0,0,0,0,0,0,0,0,0,0,0,0,0,0,1,0,0,0.0,0,0,1,Young Adult
539,28,14.5,0,0,0,0,0,0,0,0,0,0,0,0,0,0,0,0,0,0,3,0,0,2.0,0,0,0,Young Adult
540,22,49.5,1,0,0,0,0,0,0,0,0,2,0,0,0,0,0,0,0,0,1,0,0,0.0,0,0,1,Young Adult
541,36,71.0,1,0,0,0,0,0,0,0,0,2,0,0,0,0,0,0,0,0,1,0,0,2.0,0,0,1,Adult
542,9,31.275,1,4,0,0,0,0,0,0,0,2,0,0,0,0,0,0,0,0,3,0,0,2.0,0,0,0,Child
543,11,31.275,1,4,0,0,0,0,0,0,0,2,0,0,0,0,0,0,0,0,3,0,0,2.0,0,0,0,Child
544,32,26.0,0,1,0,0,0,0,0,0,0,0,0,0,0,0,0,0,0,0,2,0,0,2.0,0,0,1,Young Adult
545,50,106.425,0,1,0,0,0,0,0,0,0,0,0,0,0,0,0,0,0,0,1,0,0,0.0,0,0,0,Adult
546,64,26.0,0,0,0,0,0,0,0,0,0,0,0,0,0,0,0,0,0,0,1,0,0,2.0,0,0,0,Senior
547,19,26.0,1,1,0,0,0,0,0,0,0,0,0,0,0,0,0,0,0,0,2,0,0,2.0,0,0,1,Young Adult
548,28,13.8625,0,0,0,0,0,0,0,0,0,0,0,0,0,0,0,0,0,0,2,0,0,0.0,0,0,1,Young Adult
549,33,20.525,0,1,0,0,0,0,0,0,0,1,0,0,0,0,0,0,0,0,3,0,0,2.0,0,0,0,Young Adult
550,8,36.75,0,1,0,0,0,0,0,0,0,1,0,0,0,0,0,0,0,0,2,0,0,2.0,0,0,1,Child
551,17,110.8833,0,0,0,0,0,0,0,0,0,2,0,0,0,0,0,0,0,0,1,0,0,0.0,0,0,1,Teen
552,27,26.0,0,0,0,0,0,0,0,0,0,0,0,0,0,0,0,0,0,0,2,0,0,2.0,0,0,0,Young Adult
553,28,7.8292,0,0,0,0,0,0,0,0,0,0,0,0,0,0,0,0,0,0,3,0,0,1.0,0,0,0,Young Adult
554,22,7.225,0,0,0,0,0,0,0,0,0,0,0,0,0,0,0,0,0,0,3,0,0,0.0,0,0,1,Young Adult
555,22,7.775,1,0,0,0,0,0,0,0,0,0,0,0,0,0,0,0,0,0,3,0,0,2.0,0,0,1,Young Adult
556,62,26.55,0,0,0,0,0,0,0,0,0,0,0,0,0,0,0,0,0,0,1,0,0,2.0,0,0,0,Senior
557,48,39.6,1,1,0,0,0,0,0,0,0,0,0,0,0,0,0,0,0,0,1,0,0,0.0,0,0,1,Adult
558,28,227.525,0,0,0,0,0,0,0,0,0,0,0,0,0,0,0,0,0,0,1,0,0,0.0,0,0,0,Young Adult
559,39,79.65,1,1,0,0,0,0,0,0,0,1,0,0,0,0,0,0,0,0,1,0,0,2.0,0,0,1,Adult
560,36,17.4,1,1,0,0,0,0,0,0,0,0,0,0,0,0,0,0,0,0,3,0,0,2.0,0,0,1,Adult
561,28,7.75,0,0,0,0,0,0,0,0,0,0,0,0,0,0,0,0,0,0,3,0,0,1.0,0,0,0,Young Adult
562,40,7.8958,0,0,0,0,0,0,0,0,0,0,0,0,0,0,0,0,0,0,3,0,0,2.0,0,0,0,Adult
563,28,13.5,0,0,0,0,0,0,0,0,0,0,0,0,0,0,0,0,0,0,2,0,0,2.0,0,0,0,Young Adult
564,28,8.05,0,0,0,0,0,0,0,0,0,0,0,0,0,0,0,0,0,0,3,0,0,2.0,0,0,0,Young Adult
565,28,8.05,1,0,0,0,0,0,0,0,0,0,0,0,0,0,0,0,0,0,3,0,0,2.0,0,0,0,Young Adult
566,24,24.15,0,2,0,0,0,0,0,0,0,0,0,0,0,0,0,0,0,0,3,0,0,2.0,0,0,0,Young Adult
567,19,7.8958,0,0,0,0,0,0,0,0,0,0,0,0,0,0,0,0,0,0,3,0,0,2.0,0,0,0,Young Adult
568,29,21.075,1,0,0,0,0,0,0,0,0,4,0,0,0,0,0,0,0,0,3,0,0,2.0,0,0,0,Young Adult
569,28,7.2292,0,0,0,0,0,0,0,0,0,0,0,0,0,0,0,0,0,0,3,0,0,0.0,0,0,0,Young Adult
570,32,7.8542,0,0,0,0,0,0,0,0,0,0,0,0,0,0,0,0,0,0,3,0,0,2.0,0,0,1,Young Adult
571,62,10.5,0,0,0,0,0,0,0,0,0,0,0,0,0,0,0,0,0,0,2,0,0,2.0,0,0,1,Senior
572,53,51.4792,1,2,0,0,0,0,0,0,0,0,0,0,0,0,0,0,0,0,1,0,0,2.0,0,0,1,Adult
573,36,26.3875,0,0,0,0,0,0,0,0,0,0,0,0,0,0,0,0,0,0,1,0,0,2.0,0,0,1,Adult
574,28,7.75,1,0,0,0,0,0,0,0,0,0,0,0,0,0,0,0,0,0,3,0,0,1.0,0,0,1,Young Adult
575,16,8.05,0,0,0,0,0,0,0,0,0,0,0,0,0,0,0,0,0,0,3,0,0,2.0,0,0,0,Teen
576,19,14.5,0,0,0,0,0,0,0,0,0,0,0,0,0,0,0,0,0,0,3,0,0,2.0,0,0,0,Young Adult
577,34,13.0,1,0,0,0,0,0,0,0,0,0,0,0,0,0,0,0,0,0,2,0,0,2.0,0,0,1,Young Adult
578,39,55.9,1,1,0,0,0,0,0,0,0,0,0,0,0,0,0,0,0,0,1,0,0,2.0,0,0,1,Adult
579,28,14.4583,1,1,0,0,0,0,0,0,0,0,0,0,0,0,0,0,0,0,3,0,0,0.0,0,0,0,Young Adult
580,32,7.925,0,0,0,0,0,0,0,0,0,0,0,0,0,0,0,0,0,0,3,0,0,2.0,0,0,1,Young Adult
581,25,30.0,1,1,0,0,0,0,0,0,0,1,0,0,0,0,0,0,0,0,2,0,0,2.0,0,0,1,Young Adult
582,39,110.8833,1,1,0,0,0,0,0,0,0,1,0,0,0,0,0,0,0,0,1,0,0,0.0,0,0,1,Adult
583,54,26.0,0,0,0,0,0,0,0,0,0,0,0,0,0,0,0,0,0,0,2,0,0,2.0,0,0,0,Adult
584,36,40.125,0,0,0,0,0,0,0,0,0,0,0,0,0,0,0,0,0,0,1,0,0,0.0,0,0,0,Adult
585,28,8.7125,0,0,0,0,0,0,0,0,0,0,0,0,0,0,0,0,0,0,3,0,0,0.0,0,0,0,Young Adult
586,18,79.65,1,0,0,0,0,0,0,0,0,2,0,0,0,0,0,0,0,0,1,0,0,2.0,0,0,1,Teen
587,47,15.0,0,0,0,0,0,0,0,0,0,0,0,0,0,0,0,0,0,0,2,0,0,2.0,0,0,0,Adult
588,60,79.2,0,1,0,0,0,0,0,0,0,1,0,0,0,0,0,0,0,0,1,0,0,0.0,0,0,1,Adult
589,22,8.05,0,0,0,0,0,0,0,0,0,0,0,0,0,0,0,0,0,0,3,0,0,2.0,0,0,0,Young Adult
590,28,8.05,0,0,0,0,0,0,0,0,0,0,0,0,0,0,0,0,0,0,3,0,0,2.0,0,0,0,Young Adult
591,35,7.125,0,0,0,0,0,0,0,0,0,0,0,0,0,0,0,0,0,0,3,0,0,2.0,0,0,0,Young Adult
592,52,78.2667,1,1,0,0,0,0,0,0,0,0,0,0,0,0,0,0,0,0,1,0,0,0.0,0,0,1,Adult
593,47,7.25,0,0,0,0,0,0,0,0,0,0,0,0,0,0,0,0,0,0,3,0,0,2.0,0,0,0,Adult
594,28,7.75,1,0,0,0,0,0,0,0,0,2,0,0,0,0,0,0,0,0,3,0,0,1.0,0,0,0,Young Adult
595,37,26.0,0,1,0,0,0,0,0,0,0,0,0,0,0,0,0,0,0,0,2,0,0,2.0,0,0,0,Adult
596,36,24.15,0,1,0,0,0,0,0,0,0,1,0,0,0,0,0,0,0,0,3,0,0,2.0,0,0,0,Adult
597,28,33.0,1,0,0,0,0,0,0,0,0,0,0,0,0,0,0,0,0,0,2,0,0,2.0,0,0,1,Young Adult
598,49,0.0,0,0,0,0,0,0,0,0,0,0,0,0,0,0,0,0,0,0,3,0,0,2.0,0,0,0,Adult
599,28,7.225,0,0,0,0,0,0,0,0,0,0,0,0,0,0,0,0,0,0,3,0,0,0.0,0,0,0,Young Adult
600,49,56.9292,0,1,0,0,0,0,0,0,0,0,0,0,0,0,0,0,0,0,1,0,0,0.0,0,0,1,Adult
601,24,27.0,1,2,0,0,0,0,0,0,0,1,0,0,0,0,0,0,0,0,2,0,0,2.0,0,0,1,Young Adult
602,28,7.8958,0,0,0,0,0,0,0,0,0,0,0,0,0,0,0,0,0,0,3,0,0,2.0,0,0,0,Young Adult
603,28,42.4,0,0,0,0,0,0,0,0,0,0,0,0,0,0,0,0,0,0,1,0,0,2.0,0,0,0,Young Adult
604,44,8.05,0,0,0,0,0,0,0,0,0,0,0,0,0,0,0,0,0,0,3,0,0,2.0,0,0,0,Adult
605,35,26.55,0,0,0,0,0,0,0,0,0,0,0,0,0,0,0,0,0,0,1,0,0,0.0,0,0,1,Young Adult
606,36,15.55,0,1,0,0,0,0,0,0,0,0,0,0,0,0,0,0,0,0,3,0,0,2.0,0,0,0,Adult
607,30,7.8958,0,0,0,0,0,0,0,0,0,0,0,0,0,0,0,0,0,0,3,0,0,2.0,0,0,0,Young Adult
608,27,30.5,0,0,0,0,0,0,0,0,0,0,0,0,0,0,0,0,0,0,1,0,0,2.0,0,0,1,Young Adult
609,22,41.5792,1,1,0,0,0,0,0,0,0,2,0,0,0,0,0,0,0,0,2,0,0,0.0,0,0,1,Young Adult
610,40,153.4625,1,0,0,0,0,0,0,0,0,0,0,0,0,0,0,0,0,0,1,0,0,2.0,0,0,1,Adult
611,39,31.275,1,1,0,0,0,0,0,0,0,5,0,0,0,0,0,0,0,0,3,0,0,2.0,0,0,0,Adult
612,28,7.05,0,0,0,0,0,0,0,0,0,0,0,0,0,0,0,0,0,0,3,0,0,2.0,0,0,0,Young Adult
613,28,15.5,1,1,0,0,0,0,0,0,0,0,0,0,0,0,0,0,0,0,3,0,0,1.0,0,0,1,Young Adult
614,28,7.75,0,0,0,0,0,0,0,0,0,0,0,0,0,0,0,0,0,0,3,0,0,1.0,0,0,0,Young Adult
615,35,8.05,0,0,0,0,0,0,0,0,0,0,0,0,0,0,0,0,0,0,3,0,0,2.0,0,0,0,Young Adult
616,24,65.0,1,1,0,0,0,0,0,0,0,2,0,0,0,0,0,0,0,0,2,0,0,2.0,0,0,1,Young Adult
617,34,14.4,0,1,0,0,0,0,0,0,0,1,0,0,0,0,0,0,0,0,3,0,0,2.0,0,0,0,Young Adult
618,26,16.1,1,1,0,0,0,0,0,0,0,0,0,0,0,0,0,0,0,0,3,0,0,2.0,0,0,0,Young Adult
619,4,39.0,1,2,0,0,0,0,0,0,0,1,0,0,0,0,0,0,0,0,2,0,0,2.0,0,0,1,Child
620,26,10.5,0,0,0,0,0,0,0,0,0,0,0,0,0,0,0,0,0,0,2,0,0,2.0,0,0,0,Young Adult
621,27,14.4542,0,1,0,0,0,0,0,0,0,0,0,0,0,0,0,0,0,0,3,0,0,0.0,0,0,0,Young Adult
622,42,52.5542,0,1,0,0,0,0,0,0,0,0,0,0,0,0,0,0,0,0,1,0,0,2.0,0,0,1,Adult
623,20,15.7417,0,1,0,0,0,0,0,0,0,1,0,0,0,0,0,0,0,0,3,0,0,0.0,0,0,1,Young Adult
624,21,7.8542,0,0,0,0,0,0,0,0,0,0,0,0,0,0,0,0,0,0,3,0,0,2.0,0,0,0,Young Adult
625,21,16.1,0,0,0,0,0,0,0,0,0,0,0,0,0,0,0,0,0,0,3,0,0,2.0,0,0,0,Young Adult
626,61,32.3208,0,0,0,0,0,0,0,0,0,0,0,0,0,0,0,0,0,0,1,0,0,2.0,0,0,0,Senior
627,57,12.35,0,0,0,0,0,0,0,0,0,0,0,0,0,0,0,0,0,0,2,0,0,1.0,0,0,0,Adult
628,21,77.9583,1,0,0,0,0,0,0,0,0,0,0,0,0,0,0,0,0,0,1,0,0,2.0,0,0,1,Young Adult
629,26,7.8958,0,0,0,0,0,0,0,0,0,0,0,0,0,0,0,0,0,0,3,0,0,2.0,0,0,0,Young Adult
630,28,7.7333,0,0,0,0,0,0,0,0,0,0,0,0,0,0,0,0,0,0,3,0,0,1.0,0,0,0,Young Adult
631,80,30.0,0,0,0,0,0,0,0,0,0,0,0,0,0,0,0,0,0,0,1,0,0,2.0,0,0,1,Senior
632,51,7.0542,0,0,0,0,0,0,0,0,0,0,0,0,0,0,0,0,0,0,3,0,0,2.0,0,0,0,Adult
633,32,30.5,0,0,0,0,0,0,0,0,0,0,0,0,0,0,0,0,0,0,1,0,0,0.0,0,0,1,Young Adult
634,28,0.0,0,0,0,0,0,0,0,0,0,0,0,0,0,0,0,0,0,0,1,0,0,2.0,0,0,0,Young Adult
635,9,27.9,1,3,0,0,0,0,0,0,0,2,0,0,0,0,0,0,0,0,3,0,0,2.0,0,0,0,Child
636,28,13.0,1,0,0,0,0,0,0,0,0,0,0,0,0,0,0,0,0,0,2,0,0,2.0,0,0,1,Young Adult
637,32,7.925,0,0,0,0,0,0,0,0,0,0,0,0,0,0,0,0,0,0,3,0,0,2.0,0,0,0,Young Adult
638,31,26.25,0,1,0,0,0,0,0,0,0,1,0,0,0,0,0,0,0,0,2,0,0,2.0,0,0,0,Young Adult
639,41,39.6875,1,0,0,0,0,0,0,0,0,5,0,0,0,0,0,0,0,0,3,0,0,2.0,0,0,0,Adult
640,28,16.1,0,1,0,0,0,0,0,0,0,0,0,0,0,0,0,0,0,0,3,0,0,2.0,0,0,0,Young Adult
641,20,7.8542,0,0,0,0,0,0,0,0,0,0,0,0,0,0,0,0,0,0,3,0,0,2.0,0,0,0,Young Adult
642,24,69.3,1,0,0,0,0,0,0,0,0,0,0,0,0,0,0,0,0,0,1,0,0,0.0,0,0,1,Young Adult
643,2,27.9,1,3,0,0,0,0,0,0,0,2,0,0,0,0,0,0,0,0,3,0,0,2.0,0,0,0,Child
644,28,56.4958,0,0,0,0,0,0,0,0,0,0,0,0,0,0,0,0,0,0,3,0,0,2.0,0,0,1,Young Adult
645,0,19.2583,1,2,0,0,0,0,0,0,0,1,0,0,0,0,0,0,0,0,3,0,0,0.0,0,0,1,
646,48,76.7292,0,1,0,0,0,0,0,0,0,0,0,0,0,0,0,0,0,0,1,0,0,0.0,0,0,1,Adult
647,19,7.8958,0,0,0,0,0,0,0,0,0,0,0,0,0,0,0,0,0,0,3,0,0,2.0,0,0,0,Young Adult
648,56,35.5,0,0,0,0,0,0,0,0,0,0,0,0,0,0,0,0,0,0,1,0,0,0.0,0,0,1,Adult
649,28,7.55,0,0,0,0,0,0,0,0,0,0,0,0,0,0,0,0,0,0,3,0,0,2.0,0,0,0,Young Adult
650,23,7.55,1,0,0,0,0,0,0,0,0,0,0,0,0,0,0,0,0,0,3,0,0,2.0,0,0,1,Young Adult
651,28,7.8958,0,0,0,0,0,0,0,0,0,0,0,0,0,0,0,0,0,0,3,0,0,2.0,0,0,0,Young Adult
652,18,23.0,1,0,0,0,0,0,0,0,0,1,0,0,0,0,0,0,0,0,2,0,0,2.0,0,0,1,Teen
653,21,8.4333,0,0,0,0,0,0,0,0,0,0,0,0,0,0,0,0,0,0,3,0,0,2.0,0,0,0,Young Adult
654,28,7.8292,1,0,0,0,0,0,0,0,0,0,0,0,0,0,0,0,0,0,3,0,0,1.0,0,0,1,Young Adult
655,18,6.75,1,0,0,0,0,0,0,0,0,0,0,0,0,0,0,0,0,0,3,0,0,1.0,0,0,0,Teen
656,24,73.5,0,2,0,0,0,0,0,0,0,0,0,0,0,0,0,0,0,0,2,0,0,2.0,0,0,0,Young Adult
657,28,7.8958,0,0,0,0,0,0,0,0,0,0,0,0,0,0,0,0,0,0,3,0,0,2.0,0,0,0,Young Adult
658,32,15.5,1,1,0,0,0,0,0,0,0,1,0,0,0,0,0,0,0,0,3,0,0,1.0,0,0,0,Young Adult
659,23,13.0,0,0,0,0,0,0,0,0,0,0,0,0,0,0,0,0,0,0,2,0,0,2.0,0,0,0,Young Adult
660,58,113.275,0,0,0,0,0,0,0,0,0,2,0,0,0,0,0,0,0,0,1,0,0,0.0,0,0,0,Adult
661,50,133.65,0,2,0,0,0,0,0,0,0,0,0,0,0,0,0,0,0,0,1,0,0,2.0,0,0,1,Adult
662,40,7.225,0,0,0,0,0,0,0,0,0,0,0,0,0,0,0,0,0,0,3,0,0,0.0,0,0,0,Adult
663,47,25.5875,0,0,0,0,0,0,0,0,0,0,0,0,0,0,0,0,0,0,1,0,0,2.0,0,0,0,Adult
664,36,7.4958,0,0,0,0,0,0,0,0,0,0,0,0,0,0,0,0,0,0,3,0,0,2.0,0,0,0,Adult
665,20,7.925,0,1,0,0,0,0,0,0,0,0,0,0,0,0,0,0,0,0,3,0,0,2.0,0,0,1,Young Adult
666,32,73.5,0,2,0,0,0,0,0,0,0,0,0,0,0,0,0,0,0,0,2,0,0,2.0,0,0,0,Young Adult
667,25,13.0,0,0,0,0,0,0,0,0,0,0,0,0,0,0,0,0,0,0,2,0,0,2.0,0,0,0,Young Adult
668,28,7.775,0,0,0,0,0,0,0,0,0,0,0,0,0,0,0,0,0,0,3,0,0,2.0,0,0,0,Young Adult
669,43,8.05,0,0,0,0,0,0,0,0,0,0,0,0,0,0,0,0,0,0,3,0,0,2.0,0,0,0,Adult
670,28,52.0,1,1,0,0,0,0,0,0,0,0,0,0,0,0,0,0,0,0,1,0,0,2.0,0,0,1,Young Adult
671,40,39.0,1,1,0,0,0,0,0,0,0,1,0,0,0,0,0,0,0,0,2,0,0,2.0,0,0,1,Adult
672,31,52.0,0,1,0,0,0,0,0,0,0,0,0,0,0,0,0,0,0,0,1,0,0,2.0,0,0,0,Young Adult
673,70,10.5,0,0,0,0,0,0,0,0,0,0,0,0,0,0,0,0,0,0,2,0,0,2.0,0,0,0,Senior
674,31,13.0,0,0,0,0,0,0,0,0,0,0,0,0,0,0,0,0,0,0,2,0,0,2.0,0,0,1,Young Adult
675,28,0.0,0,0,0,0,0,0,0,0,0,0,0,0,0,0,0,0,0,0,2,0,0,2.0,0,0,0,Young Adult
676,18,7.775,0,0,0,0,0,0,0,0,0,0,0,0,0,0,0,0,0,0,3,0,0,2.0,0,0,0,Teen
677,24,8.05,0,0,0,0,0,0,0,0,0,0,0,0,0,0,0,0,0,0,3,0,0,2.0,0,0,0,Young Adult
678,18,9.8417,1,0,0,0,0,0,0,0,0,0,0,0,0,0,0,0,0,0,3,0,0,2.0,0,0,1,Teen
679,43,46.9,1,1,0,0,0,0,0,0,0,6,0,0,0,0,0,0,0,0,3,0,0,2.0,0,0,0,Adult
680,36,512.3292,0,0,0,0,0,0,0,0,0,1,0,0,0,0,0,0,0,0,1,0,0,0.0,0,0,1,Adult
681,28,8.1375,1,0,0,0,0,0,0,0,0,0,0,0,0,0,0,0,0,0,3,0,0,1.0,0,0,0,Young Adult
682,27,76.7292,0,0,0,0,0,0,0,0,0,0,0,0,0,0,0,0,0,0,1,0,0,0.0,0,0,1,Young Adult
683,20,9.225,0,0,0,0,0,0,0,0,0,0,0,0,0,0,0,0,0,0,3,0,0,2.0,0,0,0,Young Adult
684,14,46.9,0,5,0,0,0,0,0,0,0,2,0,0,0,0,0,0,0,0,3,0,0,2.0,0,0,0,Teen
685,60,39.0,0,1,0,0,0,0,0,0,0,1,0,0,0,0,0,0,0,0,2,0,0,2.0,0,0,0,Adult
686,25,41.5792,0,1,0,0,0,0,0,0,0,2,0,0,0,0,0,0,0,0,2,0,0,0.0,0,0,0,Young Adult
687,14,39.6875,0,4,0,0,0,0,0,0,0,1,0,0,0,0,0,0,0,0,3,0,0,2.0,0,0,0,Teen
688,19,10.1708,0,0,0,0,0,0,0,0,0,0,0,0,0,0,0,0,0,0,3,0,0,2.0,0,0,0,Young Adult
689,18,7.7958,0,0,0,0,0,0,0,0,0,0,0,0,0,0,0,0,0,0,3,0,0,2.0,0,0,0,Teen
690,15,211.3375,1,0,0,0,0,0,0,0,0,1,0,0,0,0,0,0,0,0,1,0,0,2.0,0,0,1,Teen
691,31,57.0,0,1,0,0,0,0,0,0,0,0,0,0,0,0,0,0,0,0,1,0,0,2.0,0,0,1,Young Adult
692,4,13.4167,1,0,0,0,0,0,0,0,0,1,0,0,0,0,0,0,0,0,3,0,0,0.0,0,0,1,Child
693,28,56.4958,0,0,0,0,0,0,0,0,0,0,0,0,0,0,0,0,0,0,3,0,0,2.0,0,0,1,Young Adult
694,25,7.225,0,0,0,0,0,0,0,0,0,0,0,0,0,0,0,0,0,0,3,0,0,0.0,0,0,0,Young Adult
695,60,26.55,0,0,0,0,0,0,0,0,0,0,0,0,0,0,0,0,0,0,1,0,0,2.0,0,0,0,Adult
696,52,13.5,0,0,0,0,0,0,0,0,0,0,0,0,0,0,0,0,0,0,2,0,0,2.0,0,0,0,Adult
697,44,8.05,0,0,0,0,0,0,0,0,0,0,0,0,0,0,0,0,0,0,3,0,0,2.0,0,0,0,Adult
698,28,7.7333,1,0,0,0,0,0,0,0,0,0,0,0,0,0,0,0,0,0,3,0,0,1.0,0,0,1,Young Adult
699,49,110.8833,0,1,0,0,0,0,0,0,0,1,0,0,0,0,0,0,0,0,1,0,0,0.0,0,0,0,Adult
700,42,7.65,0,0,0,0,0,0,0,0,0,0,0,0,0,0,0,0,0,0,3,0,0,2.0,0,0,0,Adult
701,18,227.525,1,1,0,0,0,0,0,0,0,0,0,0,0,0,0,0,0,0,1,0,0,0.0,0,0,1,Teen
702,35,26.2875,0,0,0,0,0,0,0,0,0,0,0,0,0,0,0,0,0,0,1,0,0,2.0,0,0,1,Young Adult
703,18,14.4542,1,0,0,0,0,0,0,0,0,1,0,0,0,0,0,0,0,0,3,0,0,0.0,0,0,0,Teen
704,25,7.7417,0,0,0,0,0,0,0,0,0,0,0,0,0,0,0,0,0,0,3,0,0,1.0,0,0,0,Young Adult
705,26,7.8542,0,1,0,0,0,0,0,0,0,0,0,0,0,0,0,0,0,0,3,0,0,2.0,0,0,0,Young Adult
706,39,26.0,0,0,0,0,0,0,0,0,0,0,0,0,0,0,0,0,0,0,2,0,0,2.0,0,0,0,Adult
707,45,13.5,1,0,0,0,0,0,0,0,0,0,0,0,0,0,0,0,0,0,2,0,0,2.0,0,0,1,Adult
708,42,26.2875,0,0,0,0,0,0,0,0,0,0,0,0,0,0,0,0,0,0,1,0,0,2.0,0,0,1,Adult
709,22,151.55,1,0,0,0,0,0,0,0,0,0,0,0,0,0,0,0,0,0,1,0,0,2.0,0,0,1,Young Adult
710,28,15.2458,0,1,0,0,0,0,0,0,0,1,0,0,0,0,0,0,0,0,3,0,0,0.0,0,0,1,Young Adult
711,24,49.5042,1,0,0,0,0,0,0,0,0,0,0,0,0,0,0,0,0,0,1,0,0,0.0,0,0,1,Young Adult
712,28,26.55,0,0,0,0,0,0,0,0,0,0,0,0,0,0,0,0,0,0,1,0,0,2.0,0,0,0,Young Adult
713,48,52.0,0,1,0,0,0,0,0,0,0,0,0,0,0,0,0,0,0,0,1,0,0,2.0,0,0,1,Adult
714,29,9.4833,0,0,0,0,0,0,0,0,0,0,0,0,0,0,0,0,0,0,3,0,0,2.0,0,0,0,Young Adult
715,52,13.0,0,0,0,0,0,0,0,0,0,0,0,0,0,0,0,0,0,0,2,0,0,2.0,0,0,0,Adult
716,19,7.65,0,0,0,0,0,0,0,0,0,0,0,0,0,0,0,0,0,0,3,0,0,2.0,0,0,0,Young Adult
717,38,227.525,1,0,0,0,0,0,0,0,0,0,0,0,0,0,0,0,0,0,1,0,0,0.0,0,0,1,Adult
718,27,10.5,1,0,0,0,0,0,0,0,0,0,0,0,0,0,0,0,0,0,2,0,0,2.0,0,0,1,Young Adult
719,28,15.5,0,0,0,0,0,0,0,0,0,0,0,0,0,0,0,0,0,0,3,0,0,1.0,0,0,0,Young Adult
720,33,7.775,0,0,0,0,0,0,0,0,0,0,0,0,0,0,0,0,0,0,3,0,0,2.0,0,0,0,Young Adult
721,6,33.0,1,0,0,0,0,0,0,0,0,1,0,0,0,0,0,0,0,0,2,0,0,2.0,0,0,1,Child
722,17,7.0542,0,1,0,0,0,0,0,0,0,0,0,0,0,0,0,0,0,0,3,0,0,2.0,0,0,0,Teen
723,34,13.0,0,0,0,0,0,0,0,0,0,0,0,0,0,0,0,0,0,0,2,0,0,2.0,0,0,0,Young Adult
724,50,13.0,0,0,0,0,0,0,0,0,0,0,0,0,0,0,0,0,0,0,2,0,0,2.0,0,0,0,Adult
725,27,53.1,0,1,0,0,0,0,0,0,0,0,0,0,0,0,0,0,0,0,1,0,0,2.0,0,0,1,Young Adult
726,20,8.6625,0,0,0,0,0,0,0,0,0,0,0,0,0,0,0,0,0,0,3,0,0,2.0,0,0,0,Young Adult
727,30,21.0,1,3,0,0,0,0,0,0,0,0,0,0,0,0,0,0,0,0,2,0,0,2.0,0,0,1,Young Adult
728,28,7.7375,1,0,0,0,0,0,0,0,0,0,0,0,0,0,0,0,0,0,3,0,0,1.0,0,0,1,Young Adult
729,25,26.0,0,1,0,0,0,0,0,0,0,0,0,0,0,0,0,0,0,0,2,0,0,2.0,0,0,0,Young Adult
730,25,7.925,1,1,0,0,0,0,0,0,0,0,0,0,0,0,0,0,0,0,3,0,0,2.0,0,0,0,Young Adult
731,29,211.3375,1,0,0,0,0,0,0,0,0,0,0,0,0,0,0,0,0,0,1,0,0,2.0,0,0,1,Young Adult
732,11,18.7875,0,0,0,0,0,0,0,0,0,0,0,0,0,0,0,0,0,0,3,0,0,0.0,0,0,0,Child
733,28,0.0,0,0,0,0,0,0,0,0,0,0,0,0,0,0,0,0,0,0,2,0,0,2.0,0,0,0,Young Adult
734,23,13.0,0,0,0,0,0,0,0,0,0,0,0,0,0,0,0,0,0,0,2,0,0,2.0,0,0,0,Young Adult
735,23,13.0,0,0,0,0,0,0,0,0,0,0,0,0,0,0,0,0,0,0,2,0,0,2.0,0,0,0,Young Adult
736,28,16.1,0,0,0,0,0,0,0,0,0,0,0,0,0,0,0,0,0,0,3,0,0,2.0,0,0,0,Young Adult
737,48,34.375,1,1,0,0,0,0,0,0,0,3,0,0,0,0,0,0,0,0,3,0,0,2.0,0,0,0,Adult
738,35,512.3292,0,0,0,0,0,0,0,0,0,0,0,0,0,0,0,0,0,0,1,0,0,0.0,0,0,1,Young Adult
739,28,7.8958,0,0,0,0,0,0,0,0,0,0,0,0,0,0,0,0,0,0,3,0,0,2.0,0,0,0,Young Adult
740,28,7.8958,0,0,0,0,0,0,0,0,0,0,0,0,0,0,0,0,0,0,3,0,0,2.0,0,0,0,Young Adult
741,28,30.0,0,0,0,0,0,0,0,0,0,0,0,0,0,0,0,0,0,0,1,0,0,2.0,0,0,1,Young Adult
742,36,78.85,0,1,0,0,0,0,0,0,0,0,0,0,0,0,0,0,0,0,1,0,0,2.0,0,0,0,Adult
743,21,262.375,1,2,0,0,0,0,0,0,0,2,0,0,0,0,0,0,0,0,1,0,0,0.0,0,0,1,Young Adult
744,24,16.1,0,1,0,0,0,0,0,0,0,0,0,0,0,0,0,0,0,0,3,0,0,2.0,0,0,0,Young Adult
745,31,7.925,0,0,0,0,0,0,0,0,0,0,0,0,0,0,0,0,0,0,3,0,0,2.0,0,0,1,Young Adult
746,70,71.0,0,1,0,0,0,0,0,0,0,1,0,0,0,0,0,0,0,0,1,0,0,2.0,0,0,0,Senior
747,16,20.25,0,1,0,0,0,0,0,0,0,1,0,0,0,0,0,0,0,0,3,0,0,2.0,0,0,0,Teen
748,30,13.0,1,0,0,0,0,0,0,0,0,0,0,0,0,0,0,0,0,0,2,0,0,2.0,0,0,1,Young Adult
749,19,53.1,0,1,0,0,0,0,0,0,0,0,0,0,0,0,0,0,0,0,1,0,0,2.0,0,0,0,Young Adult
750,31,7.75,0,0,0,0,0,0,0,0,0,0,0,0,0,0,0,0,0,0,3,0,0,1.0,0,0,0,Young Adult
751,4,23.0,1,1,0,0,0,0,0,0,0,1,0,0,0,0,0,0,0,0,2,0,0,2.0,0,0,1,Child
752,6,12.475,0,0,0,0,0,0,0,0,0,1,0,0,0,0,0,0,0,0,3,0,0,2.0,0,0,1,Child
753,33,9.5,0,0,0,0,0,0,0,0,0,0,0,0,0,0,0,0,0,0,3,0,0,2.0,0,0,0,Young Adult
754,23,7.8958,0,0,0,0,0,0,0,0,0,0,0,0,0,0,0,0,0,0,3,0,0,2.0,0,0,0,Young Adult
755,48,65.0,1,1,0,0,0,0,0,0,0,2,0,0,0,0,0,0,0,0,2,0,0,2.0,0,0,1,Adult
756,0,14.5,0,1,0,0,0,0,0,0,0,1,0,0,0,0,0,0,0,0,2,0,0,2.0,0,0,1,
757,28,7.7958,0,0,0,0,0,0,0,0,0,0,0,0,0,0,0,0,0,0,3,0,0,2.0,0,0,0,Young Adult
758,18,11.5,0,0,0,0,0,0,0,0,0,0,0,0,0,0,0,0,0,0,2,0,0,2.0,0,0,0,Teen
759,34,8.05,0,0,0,0,0,0,0,0,0,0,0,0,0,0,0,0,0,0,3,0,0,2.0,0,0,0,Young Adult
760,33,86.5,1,0,0,0,0,0,0,0,0,0,0,0,0,0,0,0,0,0,1,0,0,2.0,0,0,1,Young Adult
761,28,14.5,0,0,0,0,0,0,0,0,0,0,0,0,0,0,0,0,0,0,3,0,0,2.0,0,0,0,Young Adult
762,41,7.125,0,0,0,0,0,0,0,0,0,0,0,0,0,0,0,0,0,0,3,0,0,2.0,0,0,0,Adult
763,20,7.2292,0,0,0,0,0,0,0,0,0,0,0,0,0,0,0,0,0,0,3,0,0,0.0,0,0,1,Young Adult
764,36,120.0,1,1,0,0,0,0,0,0,0,2,0,0,0,0,0,0,0,0,1,0,0,2.0,0,0,1,Adult
765,16,7.775,0,0,0,0,0,0,0,0,0,0,0,0,0,0,0,0,0,0,3,0,0,2.0,0,0,0,Teen
766,51,77.9583,1,1,0,0,0,0,0,0,0,0,0,0,0,0,0,0,0,0,1,0,0,2.0,0,0,1,Adult
767,28,39.6,0,0,0,0,0,0,0,0,0,0,0,0,0,0,0,0,0,0,1,0,0,0.0,0,0,0,Young Adult
768,30,7.75,1,0,0,0,0,0,0,0,0,0,0,0,0,0,0,0,0,0,3,0,0,1.0,0,0,0,Young Adult
769,28,24.15,0,1,0,0,0,0,0,0,0,0,0,0,0,0,0,0,0,0,3,0,0,1.0,0,0,0,Young Adult
770,32,8.3625,0,0,0,0,0,0,0,0,0,0,0,0,0,0,0,0,0,0,3,0,0,2.0,0,0,0,Young Adult
771,24,9.5,0,0,0,0,0,0,0,0,0,0,0,0,0,0,0,0,0,0,3,0,0,2.0,0,0,0,Young Adult
772,48,7.8542,0,0,0,0,0,0,0,0,0,0,0,0,0,0,0,0,0,0,3,0,0,2.0,0,0,0,Adult
773,57,10.5,1,0,0,0,0,0,0,0,0,0,0,0,0,0,0,0,0,0,2,0,0,2.0,0,0,0,Adult
774,28,7.225,0,0,0,0,0,0,0,0,0,0,0,0,0,0,0,0,0,0,3,0,0,0.0,0,0,0,Young Adult
775,54,23.0,1,1,0,0,0,0,0,0,0,3,0,0,0,0,0,0,0,0,2,0,0,2.0,0,0,1,Adult
776,18,7.75,0,0,0,0,0,0,0,0,0,0,0,0,0,0,0,0,0,0,3,0,0,2.0,0,0,0,Teen
777,28,7.75,0,0,0,0,0,0,0,0,0,0,0,0,0,0,0,0,0,0,3,0,0,1.0,0,0,0,Young Adult
778,5,12.475,1,0,0,0,0,0,0,0,0,0,0,0,0,0,0,0,0,0,3,0,0,2.0,0,0,1,Child
779,28,7.7375,0,0,0,0,0,0,0,0,0,0,0,0,0,0,0,0,0,0,3,0,0,1.0,0,0,0,Young Adult
780,43,211.3375,1,0,0,0,0,0,0,0,0,1,0,0,0,0,0,0,0,0,1,0,0,2.0,0,0,1,Adult
781,13,7.2292,1,0,0,0,0,0,0,0,0,0,0,0,0,0,0,0,0,0,3,0,0,0.0,0,0,1,Teen
782,17,57.0,1,1,0,0,0,0,0,0,0,0,0,0,0,0,0,0,0,0,1,0,0,2.0,0,0,1,Teen
783,29,30.0,0,0,0,0,0,0,0,0,0,0,0,0,0,0,0,0,0,0,1,0,0,2.0,0,0,0,Young Adult
784,28,23.45,0,1,0,0,0,0,0,0,0,2,0,0,0,0,0,0,0,0,3,0,0,2.0,0,0,0,Young Adult
785,25,7.05,0,0,0,0,0,0,0,0,0,0,0,0,0,0,0,0,0,0,3,0,0,2.0,0,0,0,Young Adult
786,25,7.25,0,0,0,0,0,0,0,0,0,0,0,0,0,0,0,0,0,0,3,0,0,2.0,0,0,0,Young Adult
787,18,7.4958,1,0,0,0,0,0,0,0,0,0,0,0,0,0,0,0,0,0,3,0,0,2.0,0,0,1,Teen
788,8,29.125,0,4,0,0,0,0,0,0,0,1,0,0,0,0,0,0,0,0,3,0,0,1.0,0,0,0,Child
789,1,20.575,0,1,0,0,0,0,0,0,0,2,0,0,0,0,0,0,0,0,3,0,0,2.0,0,0,1,Child
790,46,79.2,0,0,0,0,0,0,0,0,0,0,0,0,0,0,0,0,0,0,1,0,0,0.0,0,0,0,Adult
791,28,7.75,0,0,0,0,0,0,0,0,0,0,0,0,0,0,0,0,0,0,3,0,0,1.0,0,0,0,Young Adult
792,16,26.0,0,0,0,0,0,0,0,0,0,0,0,0,0,0,0,0,0,0,2,0,0,2.0,0,0,0,Teen
793,28,69.55,1,8,0,0,0,0,0,0,0,2,0,0,0,0,0,0,0,0,3,0,0,2.0,0,0,0,Young Adult
794,28,30.6958,0,0,0,0,0,0,0,0,0,0,0,0,0,0,0,0,0,0,1,0,0,0.0,0,0,0,Young Adult
795,25,7.8958,0,0,0,0,0,0,0,0,0,0,0,0,0,0,0,0,0,0,3,0,0,2.0,0,0,0,Young Adult
796,39,13.0,0,0,0,0,0,0,0,0,0,0,0,0,0,0,0,0,0,0,2,0,0,2.0,0,0,0,Adult
797,49,25.9292,1,0,0,0,0,0,0,0,0,0,0,0,0,0,0,0,0,0,1,0,0,2.0,0,0,1,Adult
798,31,8.6833,1,0,0,0,0,0,0,0,0,0,0,0,0,0,0,0,0,0,3,0,0,2.0,0,0,1,Young Adult
799,30,7.2292,0,0,0,0,0,0,0,0,0,0,0,0,0,0,0,0,0,0,3,0,0,0.0,0,0,0,Young Adult
800,30,24.15,1,1,0,0,0,0,0,0,0,1,0,0,0,0,0,0,0,0,3,0,0,2.0,0,0,0,Young Adult
801,34,13.0,0,0,0,0,0,0,0,0,0,0,0,0,0,0,0,0,0,0,2,0,0,2.0,0,0,0,Young Adult
802,31,26.25,1,1,0,0,0,0,0,0,0,1,0,0,0,0,0,0,0,0,2,0,0,2.0,0,0,1,Young Adult
803,11,120.0,0,1,0,0,0,0,0,0,0,2,0,0,0,0,0,0,0,0,1,0,0,2.0,0,0,1,Child
804,0,8.5167,0,0,0,0,0,0,0,0,0,1,0,0,0,0,0,0,0,0,3,0,0,0.0,0,0,1,
805,27,6.975,0,0,0,0,0,0,0,0,0,0,0,0,0,0,0,0,0,0,3,0,0,2.0,0,0,1,Young Adult
806,31,7.775,0,0,0,0,0,0,0,0,0,0,0,0,0,0,0,0,0,0,3,0,0,2.0,0,0,0,Young Adult
807,39,0.0,0,0,0,0,0,0,0,0,0,0,0,0,0,0,0,0,0,0,1,0,0,2.0,0,0,0,Adult
808,18,7.775,1,0,0,0,0,0,0,0,0,0,0,0,0,0,0,0,0,0,3,0,0,2.0,0,0,0,Teen
809,39,13.0,0,0,0,0,0,0,0,0,0,0,0,0,0,0,0,0,0,0,2,0,0,2.0,0,0,0,Adult
810,33,53.1,1,1,0,0,0,0,0,0,0,0,0,0,0,0,0,0,0,0,1,0,0,2.0,0,0,1,Young Adult
811,26,7.8875,0,0,0,0,0,0,0,0,0,0,0,0,0,0,0,0,0,0,3,0,0,2.0,0,0,0,Young Adult
812,39,24.15,0,0,0,0,0,0,0,0,0,0,0,0,0,0,0,0,0,0,3,0,0,2.0,0,0,0,Adult
813,35,10.5,0,0,0,0,0,0,0,0,0,0,0,0,0,0,0,0,0,0,2,0,0,2.0,0,0,0,Young Adult
814,6,31.275,1,4,0,0,0,0,0,0,0,2,0,0,0,0,0,0,0,0,3,0,0,2.0,0,0,0,Child
815,30,8.05,0,0,0,0,0,0,0,0,0,0,0,0,0,0,0,0,0,0,3,0,0,2.0,0,0,0,Young Adult
816,28,0.0,0,0,0,0,0,0,0,0,0,0,0,0,0,0,0,0,0,0,1,0,0,2.0,0,0,0,Young Adult
817,23,7.925,1,0,0,0,0,0,0,0,0,0,0,0,0,0,0,0,0,0,3,0,0,2.0,0,0,0,Young Adult
818,31,37.0042,0,1,0,0,0,0,0,0,0,1,0,0,0,0,0,0,0,0,2,0,0,0.0,0,0,0,Young Adult
819,43,6.45,0,0,0,0,0,0,0,0,0,0,0,0,0,0,0,0,0,0,3,0,0,2.0,0,0,0,Adult
820,10,27.9,0,3,0,0,0,0,0,0,0,2,0,0,0,0,0,0,0,0,3,0,0,2.0,0,0,0,Child
821,52,93.5,1,1,0,0,0,0,0,0,0,1,0,0,0,0,0,0,0,0,1,0,0,2.0,0,0,1,Adult
822,27,8.6625,0,0,0,0,0,0,0,0,0,0,0,0,0,0,0,0,0,0,3,0,0,2.0,0,0,1,Young Adult
823,38,0.0,0,0,0,0,0,0,0,0,0,0,0,0,0,0,0,0,0,0,1,0,0,2.0,0,0,0,Adult
824,27,12.475,1,0,0,0,0,0,0,0,0,1,0,0,0,0,0,0,0,0,3,0,0,2.0,0,0,1,Young Adult
825,2,39.6875,0,4,0,0,0,0,0,0,0,1,0,0,0,0,0,0,0,0,3,0,0,2.0,0,0,0,Child
826,28,6.95,0,0,0,0,0,0,0,0,0,0,0,0,0,0,0,0,0,0,3,0,0,1.0,0,0,0,Young Adult
827,28,56.4958,0,0,0,0,0,0,0,0,0,0,0,0,0,0,0,0,0,0,3,0,0,2.0,0,0,0,Young Adult
828,1,37.0042,0,0,0,0,0,0,0,0,0,2,0,0,0,0,0,0,0,0,2,0,0,0.0,0,0,1,Child
829,28,7.75,0,0,0,0,0,0,0,0,0,0,0,0,0,0,0,0,0,0,3,0,0,1.0,0,0,1,Young Adult
830,62,80.0,1,0,0,0,0,0,0,0,0,0,0,0,0,0,0,0,0,0,1,0,0,,0,0,1,Senior
831,15,14.4542,1,1,0,0,0,0,0,0,0,0,0,0,0,0,0,0,0,0,3,0,0,0.0,0,0,1,Teen
832,0,18.75,0,1,0,0,0,0,0,0,0,1,0,0,0,0,0,0,0,0,2,0,0,2.0,0,0,1,
833,28,7.2292,0,0,0,0,0,0,0,0,0,0,0,0,0,0,0,0,0,0,3,0,0,0.0,0,0,0,Young Adult
834,23,7.8542,0,0,0,0,0,0,0,0,0,0,0,0,0,0,0,0,0,0,3,0,0,2.0,0,0,0,Young Adult
835,18,8.3,0,0,0,0,0,0,0,0,0,0,0,0,0,0,0,0,0,0,3,0,0,2.0,0,0,0,Teen
836,39,83.1583,1,1,0,0,0,0,0,0,0,1,0,0,0,0,0,0,0,0,1,0,0,0.0,0,0,1,Adult
837,21,8.6625,0,0,0,0,0,0,0,0,0,0,0,0,0,0,0,0,0,0,3,0,0,2.0,0,0,0,Young Adult
838,28,8.05,0,0,0,0,0,0,0,0,0,0,0,0,0,0,0,0,0,0,3,0,0,2.0,0,0,0,Young Adult
839,32,56.4958,0,0,0,0,0,0,0,0,0,0,0,0,0,0,0,0,0,0,3,0,0,2.0,0,0,1,Young Adult
840,28,29.7,0,0,0,0,0,0,0,0,0,0,0,0,0,0,0,0,0,0,1,0,0,0.0,0,0,1,Young Adult
841,20,7.925,0,0,0,0,0,0,0,0,0,0,0,0,0,0,0,0,0,0,3,0,0,2.0,0,0,0,Young Adult
842,16,10.5,0,0,0,0,0,0,0,0,0,0,0,0,0,0,0,0,0,0,2,0,0,2.0,0,0,0,Teen
843,30,31.0,1,0,0,0,0,0,0,0,0,0,0,0,0,0,0,0,0,0,1,0,0,0.0,0,0,1,Young Adult
844,34,6.4375,0,0,0,0,0,0,0,0,0,0,0,0,0,0,0,0,0,0,3,0,0,0.0,0,0,0,Young Adult
845,17,8.6625,0,0,0,0,0,0,0,0,0,0,0,0,0,0,0,0,0,0,3,0,0,2.0,0,0,0,Teen
846,42,7.55,0,0,0,0,0,0,0,0,0,0,0,0,0,0,0,0,0,0,3,0,0,2.0,0,0,0,Adult
847,28,69.55,0,8,0,0,0,0,0,0,0,2,0,0,0,0,0,0,0,0,3,0,0,2.0,0,0,0,Young Adult
848,35,7.8958,0,0,0,0,0,0,0,0,0,0,0,0,0,0,0,0,0,0,3,0,0,0.0,0,0,0,Young Adult
849,28,33.0,0,0,0,0,0,0,0,0,0,1,0,0,0,0,0,0,0,0,2,0,0,2.0,0,0,0,Young Adult
850,28,89.1042,1,1,0,0,0,0,0,0,0,0,0,0,0,0,0,0,0,0,1,0,0,0.0,0,0,1,Young Adult
851,4,31.275,0,4,0,0,0,0,0,0,0,2,0,0,0,0,0,0,0,0,3,0,0,2.0,0,0,0,Child
852,74,7.775,0,0,0,0,0,0,0,0,0,0,0,0,0,0,0,0,0,0,3,0,0,2.0,0,0,0,Senior
853,9,15.2458,1,1,0,0,0,0,0,0,0,1,0,0,0,0,0,0,0,0,3,0,0,0.0,0,0,0,Child
854,16,39.4,1,0,0,0,0,0,0,0,0,1,0,0,0,0,0,0,0,0,1,0,0,2.0,0,0,1,Teen
855,44,26.0,1,1,0,0,0,0,0,0,0,0,0,0,0,0,0,0,0,0,2,0,0,2.0,0,0,0,Adult
856,18,9.35,1,0,0,0,0,0,0,0,0,1,0,0,0,0,0,0,0,0,3,0,0,2.0,0,0,1,Teen
857,45,164.8667,1,1,0,0,0,0,0,0,0,1,0,0,0,0,0,0,0,0,1,0,0,2.0,0,0,1,Adult
858,51,26.55,0,0,0,0,0,0,0,0,0,0,0,0,0,0,0,0,0,0,1,0,0,2.0,0,0,1,Adult
859,24,19.2583,1,0,0,0,0,0,0,0,0,3,0,0,0,0,0,0,0,0,3,0,0,0.0,0,0,1,Young Adult
860,28,7.2292,0,0,0,0,0,0,0,0,0,0,0,0,0,0,0,0,0,0,3,0,0,0.0,0,0,0,Young Adult
861,41,14.1083,0,2,0,0,0,0,0,0,0,0,0,0,0,0,0,0,0,0,3,0,0,2.0,0,0,0,Adult
862,21,11.5,0,1,0,0,0,0,0,0,0,0,0,0,0,0,0,0,0,0,2,0,0,2.0,0,0,0,Young Adult
863,48,25.9292,1,0,0,0,0,0,0,0,0,0,0,0,0,0,0,0,0,0,1,0,0,2.0,0,0,1,Adult
864,28,69.55,1,8,0,0,0,0,0,0,0,2,0,0,0,0,0,0,0,0,3,0,0,2.0,0,0,0,Young Adult
865,24,13.0,0,0,0,0,0,0,0,0,0,0,0,0,0,0,0,0,0,0,2,0,0,2.0,0,0,0,Young Adult
866,42,13.0,1,0,0,0,0,0,0,0,0,0,0,0,0,0,0,0,0,0,2,0,0,2.0,0,0,1,Adult
867,27,13.8583,1,1,0,0,0,0,0,0,0,0,0,0,0,0,0,0,0,0,2,0,0,0.0,0,0,1,Young Adult
868,31,50.4958,0,0,0,0,0,0,0,0,0,0,0,0,0,0,0,0,0,0,1,0,0,2.0,0,0,0,Young Adult
869,28,9.5,0,0,0,0,0,0,0,0,0,0,0,0,0,0,0,0,0,0,3,0,0,2.0,0,0,0,Young Adult
870,4,11.1333,0,1,0,0,0,0,0,0,0,1,0,0,0,0,0,0,0,0,3,0,0,2.0,0,0,1,Child
871,26,7.8958,0,0,0,0,0,0,0,0,0,0,0,0,0,0,0,0,0,0,3,0,0,2.0,0,0,0,Young Adult
872,47,52.5542,1,1,0,0,0,0,0,0,0,1,0,0,0,0,0,0,0,0,1,0,0,2.0,0,0,1,Adult
873,33,5.0,0,0,0,0,0,0,0,0,0,0,0,0,0,0,0,0,0,0,1,0,0,2.0,0,0,0,Young Adult
874,47,9.0,0,0,0,0,0,0,0,0,0,0,0,0,0,0,0,0,0,0,3,0,0,2.0,0,0,0,Adult
875,28,24.0,1,1,0,0,0,0,0,0,0,0,0,0,0,0,0,0,0,0,2,0,0,0.0,0,0,1,Young Adult
876,15,7.225,1,0,0,0,0,0,0,0,0,0,0,0,0,0,0,0,0,0,3,0,0,0.0,0,0,1,Teen
877,20,9.8458,0,0,0,0,0,0,0,0,0,0,0,0,0,0,0,0,0,0,3,0,0,2.0,0,0,0,Young Adult
878,19,7.8958,0,0,0,0,0,0,0,0,0,0,0,0,0,0,0,0,0,0,3,0,0,2.0,0,0,0,Young Adult
879,28,7.8958,0,0,0,0,0,0,0,0,0,0,0,0,0,0,0,0,0,0,3,0,0,2.0,0,0,0,Young Adult
880,56,83.1583,1,0,0,0,0,0,0,0,0,1,0,0,0,0,0,0,0,0,1,0,0,0.0,0,0,1,Adult
881,25,26.0,1,0,0,0,0,0,0,0,0,1,0,0,0,0,0,0,0,0,2,0,0,2.0,0,0,1,Young Adult
882,33,7.8958,0,0,0,0,0,0,0,0,0,0,0,0,0,0,0,0,0,0,3,0,0,2.0,0,0,0,Young Adult
883,22,10.5167,1,0,0,0,0,0,0,0,0,0,0,0,0,0,0,0,0,0,3,0,0,2.0,0,0,0,Young Adult
884,28,10.5,0,0,0,0,0,0,0,0,0,0,0,0,0,0,0,0,0,0,2,0,0,2.0,0,0,0,Young Adult
885,25,7.05,0,0,0,0,0,0,0,0,0,0,0,0,0,0,0,0,0,0,3,0,0,2.0,0,0,0,Young Adult
886,39,29.125,1,0,0,0,0,0,0,0,0,5,0,0,0,0,0,0,0,0,3,0,0,1.0,0,0,0,Adult
887,27,13.0,0,0,0,0,0,0,0,0,0,0,0,0,0,0,0,0,0,0,2,0,0,2.0,0,0,0,Young Adult
888,19,30.0,1,0,0,0,0,0,0,0,0,0,0,0,0,0,0,0,0,0,1,0,0,2.0,0,0,1,Young Adult
889,28,23.45,1,1,0,0,0,0,0,0,0,2,0,0,0,0,0,0,0,0,3,0,0,2.0,0,0,0,Young Adult
890,26,30.0,0,0,0,0,0,0,0,0,0,0,0,0,0,0,0,0,0,0,1,0,0,0.0,0,0,1,Young Adult
891,32,7.75,0,0,0,0,0,0,0,0,0,0,0,0,0,0,0,0,0,0,3,0,0,1.0,0,0,0,Young Adult
892,34,7.8292,0,0,0,0,0,0,0,0,0,0,0,0,0,0,0,0,0,0,3,0,0,1.0,0,0,0,Young Adult
893,47,7.0,1,1,0,0,0,0,0,0,0,0,0,0,0,0,0,0,0,0,3,0,0,2.0,0,0,0,Adult
894,62,9.6875,0,0,0,0,0,0,0,0,0,0,0,0,0,0,0,0,0,0,2,0,0,1.0,0,0,0,Senior
895,27,8.6625,0,0,0,0,0,0,0,0,0,0,0,0,0,0,0,0,0,0,3,0,0,2.0,0,0,0,Young Adult
896,22,12.2875,1,1,0,0,0,0,0,0,0,1,0,0,0,0,0,0,0,0,3,0,0,2.0,0,0,0,Young Adult
897,14,9.225,0,0,0,0,0,0,0,0,0,0,0,0,0,0,0,0,0,0,3,0,0,2.0,0,0,0,Teen
898,30,7.6292,1,0,0,0,0,0,0,0,0,0,0,0,0,0,0,0,0,0,3,0,0,1.0,0,0,0,Young Adult
899,26,29.0,0,1,0,0,0,0,0,0,0,1,0,0,0,0,0,0,0,0,2,0,0,2.0,0,0,0,Young Adult
900,18,7.2292,1,0,0,0,0,0,0,0,0,0,0,0,0,0,0,0,0,0,3,0,0,0.0,0,0,0,Teen
901,21,24.15,0,2,0,0,0,0,0,0,0,0,0,0,0,0,0,0,0,0,3,0,0,2.0,0,0,0,Young Adult
902,28,7.8958,0,0,0,0,0,0,0,0,0,0,0,0,0,0,0,0,0,0,3,0,0,2.0,0,0,0,Young Adult
903,46,26.0,0,0,0,0,0,0,0,0,0,0,0,0,0,0,0,0,0,0,1,0,0,2.0,0,0,0,Adult
904,23,82.2667,1,1,0,0,0,0,0,0,0,0,0,0,0,0,0,0,0,0,1,0,0,2.0,0,0,0,Young Adult
905,63,26.0,0,1,0,0,0,0,0,0,0,0,0,0,0,0,0,0,0,0,2,0,0,2.0,0,0,0,Senior
906,47,61.175,1,1,0,0,0,0,0,0,0,0,0,0,0,0,0,0,0,0,1,0,0,2.0,0,0,0,Adult
907,24,27.7208,1,1,0,0,0,0,0,0,0,0,0,0,0,0,0,0,0,0,2,0,0,0.0,0,0,0,Young Adult
908,35,12.35,0,0,0,0,0,0,0,0,0,0,0,0,0,0,0,0,0,0,2,0,0,1.0,0,0,0,Young Adult
909,21,7.225,0,0,0,0,0,0,0,0,0,0,0,0,0,0,0,0,0,0,3,0,0,0.0,0,0,0,Young Adult
910,27,7.925,1,1,0,0,0,0,0,0,0,0,0,0,0,0,0,0,0,0,3,0,0,2.0,0,0,0,Young Adult
911,45,7.225,1,0,0,0,0,0,0,0,0,0,0,0,0,0,0,0,0,0,3,0,0,0.0,0,0,0,Adult
912,55,59.4,0,1,0,0,0,0,0,0,0,0,0,0,0,0,0,0,0,0,1,0,0,0.0,0,0,0,Adult
913,9,3.1708,0,0,0,0,0,0,0,0,0,1,0,0,0,0,0,0,0,0,3,0,0,2.0,0,0,0,Child
914,28,31.6833,1,0,0,0,0,0,0,0,0,0,0,0,0,0,0,0,0,0,1,0,0,2.0,0,0,0,Young Adult
915,21,61.3792,0,0,0,0,0,0,0,0,0,1,0,0,0,0,0,0,0,0,1,0,0,0.0,0,0,0,Young Adult
916,48,262.375,1,1,0,0,0,0,0,0,0,3,0,0,0,0,0,0,0,0,1,0,0,0.0,0,0,0,Adult
917,50,14.5,0,1,0,0,0,0,0,0,0,0,0,0,0,0,0,0,0,0,3,0,0,2.0,0,0,0,Adult
918,22,61.9792,1,0,0,0,0,0,0,0,0,1,0,0,0,0,0,0,0,0,1,0,0,0.0,0,0,0,Young Adult
919,22,7.225,0,0,0,0,0,0,0,0,0,0,0,0,0,0,0,0,0,0,3,0,0,0.0,0,0,0,Young Adult
920,41,30.5,0,0,0,0,0,0,0,0,0,0,0,0,0,0,0,0,0,0,1,0,0,2.0,0,0,0,Adult
921,28,21.6792,0,2,0,0,0,0,0,0,0,0,0,0,0,0,0,0,0,0,3,0,0,0.0,0,0,0,Young Adult
922,50,26.0,0,1,0,0,0,0,0,0,0,0,0,0,0,0,0,0,0,0,2,0,0,2.0,0,0,0,Adult
923,24,31.5,0,2,0,0,0,0,0,0,0,0,0,0,0,0,0,0,0,0,2,0,0,2.0,0,0,0,Young Adult
924,33,20.575,1,1,0,0,0,0,0,0,0,2,0,0,0,0,0,0,0,0,3,0,0,2.0,0,0,0,Young Adult
925,28,23.45,1,1,0,0,0,0,0,0,0,2,0,0,0,0,0,0,0,0,3,0,0,2.0,0,0,0,Young Adult
926,30,57.75,0,1,0,0,0,0,0,0,0,0,0,0,0,0,0,0,0,0,1,0,0,0.0,0,0,0,Young Adult
927,18,7.2292,0,0,0,0,0,0,0,0,0,0,0,0,0,0,0,0,0,0,3,0,0,0.0,0,0,0,Teen
928,28,8.05,1,0,0,0,0,0,0,0,0,0,0,0,0,0,0,0,0,0,3,0,0,2.0,0,0,0,Young Adult
929,21,8.6625,1,0,0,0,0,0,0,0,0,0,0,0,0,0,0,0,0,0,3,0,0,2.0,0,0,0,Young Adult
930,25,9.5,0,0,0,0,0,0,0,0,0,0,0,0,0,0,0,0,0,0,3,0,0,2.0,0,0,0,Young Adult
931,28,56.4958,0,0,0,0,0,0,0,0,0,0,0,0,0,0,0,0,0,0,3,0,0,2.0,0,0,0,Young Adult
932,39,13.4167,0,0,0,0,0,0,0,0,0,1,0,0,0,0,0,0,0,0,3,0,0,0.0,0,0,0,Adult
933,28,26.55,0,0,0,0,0,0,0,0,0,0,0,0,0,0,0,0,0,0,1,0,0,2.0,0,0,0,Young Adult
934,41,7.85,0,0,0,0,0,0,0,0,0,0,0,0,0,0,0,0,0,0,3,0,0,2.0,0,0,0,Adult
935,30,13.0,1,0,0,0,0,0,0,0,0,0,0,0,0,0,0,0,0,0,2,0,0,2.0,0,0,0,Young Adult
936,45,52.5542,1,1,0,0,0,0,0,0,0,0,0,0,0,0,0,0,0,0,1,0,0,2.0,0,0,0,Adult
937,25,7.925,0,0,0,0,0,0,0,0,0,0,0,0,0,0,0,0,0,0,3,0,0,2.0,0,0,0,Young Adult
938,45,29.7,0,0,0,0,0,0,0,0,0,0,0,0,0,0,0,0,0,0,1,0,0,0.0,0,0,0,Adult
939,28,7.75,0,0,0,0,0,0,0,0,0,0,0,0,0,0,0,0,0,0,3,0,0,1.0,0,0,0,Young Adult
940,60,76.2917,1,0,0,0,0,0,0,0,0,0,0,0,0,0,0,0,0,0,1,0,0,0.0,0,0,0,Adult
941,36,15.9,1,0,0,0,0,0,0,0,0,2,0,0,0,0,0,0,0,0,3,0,0,2.0,0,0,0,Adult
942,24,60.0,0,1,0,0,0,0,0,0,0,0,0,0,0,0,0,0,0,0,1,0,0,2.0,0,0,0,Young Adult
943,27,15.0333,0,0,0,0,0,0,0,0,0,0,0,0,0,0,0,0,0,0,2,0,0,0.0,0,0,0,Young Adult
944,20,23.0,1,2,0,0,0,0,0,0,0,1,0,0,0,0,0,0,0,0,2,0,0,2.0,0,0,0,Young Adult
945,28,263.0,1,3,0,0,0,0,0,0,0,2,0,0,0,0,0,0,0,0,1,0,0,2.0,0,0,0,Young Adult
946,28,15.5792,0,0,0,0,0,0,0,0,0,0,0,0,0,0,0,0,0,0,2,0,0,0.0,0,0,0,Young Adult
947,10,29.125,0,4,0,0,0,0,0,0,0,1,0,0,0,0,0,0,0,0,3,0,0,1.0,0,0,0,Child
948,35,7.8958,0,0,0,0,0,0,0,0,0,0,0,0,0,0,0,0,0,0,3,0,0,2.0,0,0,0,Young Adult
949,25,7.65,0,0,0,0,0,0,0,0,0,0,0,0,0,0,0,0,0,0,3,0,0,2.0,0,0,0,Young Adult
950,28,16.1,0,1,0,0,0,0,0,0,0,0,0,0,0,0,0,0,0,0,3,0,0,2.0,0,0,0,Young Adult
951,36,262.375,1,0,0,0,0,0,0,0,0,0,0,0,0,0,0,0,0,0,1,0,0,0.0,0,0,0,Adult
952,17,7.8958,0,0,0,0,0,0,0,0,0,0,0,0,0,0,0,0,0,0,3,0,0,2.0,0,0,0,Teen
953,32,13.5,0,0,0,0,0,0,0,0,0,0,0,0,0,0,0,0,0,0,2,0,0,2.0,0,0,0,Young Adult
954,18,7.75,0,0,0,0,0,0,0,0,0,0,0,0,0,0,0,0,0,0,3,0,0,2.0,0,0,0,Teen
955,22,7.725,1,0,0,0,0,0,0,0,0,0,0,0,0,0,0,0,0,0,3,0,0,1.0,0,0,0,Young Adult
956,13,262.375,0,2,0,0,0,0,0,0,0,2,0,0,0,0,0,0,0,0,1,0,0,0.0,0,0,0,Teen
957,28,21.0,1,0,0,0,0,0,0,0,0,0,0,0,0,0,0,0,0,0,2,0,0,2.0,0,0,0,Young Adult
958,18,7.8792,1,0,0,0,0,0,0,0,0,0,0,0,0,0,0,0,0,0,3,0,0,1.0,0,0,0,Teen
959,47,42.4,0,0,0,0,0,0,0,0,0,0,0,0,0,0,0,0,0,0,1,0,0,2.0,0,0,0,Adult
960,31,28.5375,0,0,0,0,0,0,0,0,0,0,0,0,0,0,0,0,0,0,1,0,0,0.0,0,0,0,Young Adult
961,60,263.0,1,1,0,0,0,0,0,0,0,4,0,0,0,0,0,0,0,0,1,0,0,2.0,0,0,0,Adult
962,24,7.75,1,0,0,0,0,0,0,0,0,0,0,0,0,0,0,0,0,0,3,0,0,1.0,0,0,0,Young Adult
963,21,7.8958,0,0,0,0,0,0,0,0,0,0,0,0,0,0,0,0,0,0,3,0,0,2.0,0,0,0,Young Adult
964,29,7.925,1,0,0,0,0,0,0,0,0,0,0,0,0,0,0,0,0,0,3,0,0,2.0,0,0,0,Young Adult
965,28,27.7208,0,0,0,0,0,0,0,0,0,0,0,0,0,0,0,0,0,0,1,0,0,0.0,0,0,0,Young Adult
966,35,211.5,1,0,0,0,0,0,0,0,0,0,0,0,0,0,0,0,0,0,1,0,0,0.0,0,0,0,Young Adult
967,32,211.5,0,0,0,0,0,0,0,0,0,0,0,0,0,0,0,0,0,0,1,0,0,0.0,0,0,0,Young Adult
968,28,8.05,0,0,0,0,0,0,0,0,0,0,0,0,0,0,0,0,0,0,3,0,0,2.0,0,0,0,Young Adult
969,55,25.7,1,2,0,0,0,0,0,0,0,0,0,0,0,0,0,0,0,0,1,0,0,2.0,0,0,0,Adult
970,30,13.0,0,0,0,0,0,0,0,0,0,0,0,0,0,0,0,0,0,0,2,0,0,2.0,0,0,0,Young Adult
971,24,7.75,1,0,0,0,0,0,0,0,0,0,0,0,0,0,0,0,0,0,3,0,0,1.0,0,0,0,Young Adult
972,6,15.2458,0,1,0,0,0,0,0,0,0,1,0,0,0,0,0,0,0,0,3,0,0,0.0,0,0,0,Child
973,67,221.7792,0,1,0,0,0,0,0,0,0,0,0,0,0,0,0,0,0,0,1,0,0,2.0,0,0,0,Senior
974,49,26.0,0,0,0,0,0,0,0,0,0,0,0,0,0,0,0,0,0,0,1,0,0,2.0,0,0,0,Adult
975,28,7.8958,0,0,0,0,0,0,0,0,0,0,0,0,0,0,0,0,0,0,3,0,0,2.0,0,0,0,Young Adult
976,28,10.7083,0,0,0,0,0,0,0,0,0,0,0,0,0,0,0,0,0,0,2,0,0,1.0,0,0,0,Young Adult
977,28,14.4542,0,1,0,0,0,0,0,0,0,0,0,0,0,0,0,0,0,0,3,0,0,0.0,0,0,0,Young Adult
978,27,7.8792,1,0,0,0,0,0,0,0,0,0,0,0,0,0,0,0,0,0,3,0,0,1.0,0,0,0,Young Adult
979,18,8.05,1,0,0,0,0,0,0,0,0,0,0,0,0,0,0,0,0,0,3,0,0,2.0,0,0,0,Teen
980,28,7.75,1,0,0,0,0,0,0,0,0,0,0,0,0,0,0,0,0,0,3,0,0,1.0,0,0,0,Young Adult
981,2,23.0,0,1,0,0,0,0,0,0,0,1,0,0,0,0,0,0,0,0,2,0,0,2.0,0,0,0,Child
982,22,13.9,1,1,0,0,0,0,0,0,0,0,0,0,0,0,0,0,0,0,3,0,0,2.0,0,0,0,Young Adult
983,28,7.775,0,0,0,0,0,0,0,0,0,0,0,0,0,0,0,0,0,0,3,0,0,2.0,0,0,0,Young Adult
984,27,52.0,1,1,0,0,0,0,0,0,0,2,0,0,0,0,0,0,0,0,1,0,0,2.0,0,0,0,Young Adult
985,28,8.05,0,0,0,0,0,0,0,0,0,0,0,0,0,0,0,0,0,0,3,0,0,2.0,0,0,0,Young Adult
986,25,26.0,0,0,0,0,0,0,0,0,0,0,0,0,0,0,0,0,0,0,1,0,0,0.0,0,0,0,Young Adult
987,25,7.7958,0,0,0,0,0,0,0,0,0,0,0,0,0,0,0,0,0,0,3,0,0,2.0,0,0,0,Young Adult
988,76,78.85,1,1,0,0,0,0,0,0,0,0,0,0,0,0,0,0,0,0,1,0,0,2.0,0,0,0,Senior
989,29,7.925,0,0,0,0,0,0,0,0,0,0,0,0,0,0,0,0,0,0,3,0,0,2.0,0,0,0,Young Adult
990,20,7.8542,1,0,0,0,0,0,0,0,0,0,0,0,0,0,0,0,0,0,3,0,0,2.0,0,0,0,Young Adult
991,33,8.05,0,0,0,0,0,0,0,0,0,0,0,0,0,0,0,0,0,0,3,0,0,2.0,0,0,0,Young Adult
992,43,55.4417,1,1,0,0,0,0,0,0,0,0,0,0,0,0,0,0,0,0,1,0,0,0.0,0,0,0,Adult
993,27,26.0,0,1,0,0,0,0,0,0,0,0,0,0,0,0,0,0,0,0,2,0,0,2.0,0,0,0,Young Adult
994,28,7.75,0,0,0,0,0,0,0,0,0,0,0,0,0,0,0,0,0,0,3,0,0,1.0,0,0,0,Young Adult
995,26,7.775,0,0,0,0,0,0,0,0,0,0,0,0,0,0,0,0,0,0,3,0,0,2.0,0,0,0,Young Adult
996,16,8.5167,1,1,0,0,0,0,0,0,0,1,0,0,0,0,0,0,0,0,3,0,0,0.0,0,0,0,Teen
997,28,22.525,0,0,0,0,0,0,0,0,0,0,0,0,0,0,0,0,0,0,3,0,0,2.0,0,0,0,Young Adult
998,21,7.8208,0,0,0,0,0,0,0,0,0,0,0,0,0,0,0,0,0,0,3,0,0,1.0,0,0,0,Young Adult
999,28,7.75,0,0,0,0,0,0,0,0,0,0,0,0,0,0,0,0,0,0,3,0,0,1.0,0,0,0,Young Adult
1000,28,8.7125,0,0,0,0,0,0,0,0,0,0,0,0,0,0,0,0,0,0,3,0,0,2.0,0,0,0,Young Adult
1001,18,13.0,0,0,0,0,0,0,0,0,0,0,0,0,0,0,0,0,0,0,2,0,0,2.0,0,0,0,Teen
1002,41,15.0458,0,0,0,0,0,0,0,0,0,0,0,0,0,0,0,0,0,0,2,0,0,0.0,0,0,0,Adult
1003,28,7.7792,1,0,0,0,0,0,0,0,0,0,0,0,0,0,0,0,0,0,3,0,0,1.0,0,0,0,Young Adult
1004,36,31.6792,1,0,0,0,0,0,0,0,0,0,0,0,0,0,0,0,0,0,1,0,0,0.0,0,0,0,Adult
1005,18,7.2833,1,0,0,0,0,0,0,0,0,0,0,0,0,0,0,0,0,0,3,0,0,1.0,0,0,0,Teen
1006,63,221.7792,1,1,0,0,0,0,0,0,0,0,0,0,0,0,0,0,0,0,1,0,0,2.0,0,0,0,Senior
1007,18,14.4542,0,1,0,0,0,0,0,0,0,0,0,0,0,0,0,0,0,0,3,0,0,0.0,0,0,0,Teen
1008,28,6.4375,0,0,0,0,0,0,0,0,0,0,0,0,0,0,0,0,0,0,3,0,0,0.0,0,0,0,Young Adult
1009,1,16.7,1,1,0,0,0,0,0,0,0,1,0,0,0,0,0,0,0,0,3,0,0,2.0,0,0,0,Child
1010,36,75.2417,0,0,0,0,0,0,0,0,0,0,0,0,0,0,0,0,0,0,1,0,0,0.0,0,0,0,Adult
1011,29,26.0,1,1,0,0,0,0,0,0,0,0,0,0,0,0,0,0,0,0,2,0,0,2.0,0,0,0,Young Adult
1012,12,15.75,1,0,0,0,0,0,0,0,0,0,0,0,0,0,0,0,0,0,2,0,0,2.0,0,0,0,Child
1013,28,7.75,0,1,0,0,0,0,0,0,0,0,0,0,0,0,0,0,0,0,3,0,0,1.0,0,0,0,Young Adult
1014,35,57.75,1,1,0,0,0,0,0,0,0,0,0,0,0,0,0,0,0,0,1,0,0,0.0,0,0,0,Young Adult
1015,28,7.25,0,0,0,0,0,0,0,0,0,0,0,0,0,0,0,0,0,0,3,0,0,2.0,0,0,0,Young Adult
1016,28,7.75,0,0,0,0,0,0,0,0,0,0,0,0,0,0,0,0,0,0,3,0,0,1.0,0,0,0,Young Adult
1017,17,16.1,1,0,0,0,0,0,0,0,0,1,0,0,0,0,0,0,0,0,3,0,0,2.0,0,0,0,Teen
1018,22,7.7958,0,0,0,0,0,0,0,0,0,0,0,0,0,0,0,0,0,0,3,0,0,2.0,0,0,0,Young Adult
1019,28,23.25,1,2,0,0,0,0,0,0,0,0,0,0,0,0,0,0,0,0,3,0,0,1.0,0,0,0,Young Adult
1020,42,13.0,0,0,0,0,0,0,0,0,0,0,0,0,0,0,0,0,0,0,2,0,0,2.0,0,0,0,Adult
1021,24,8.05,0,0,0,0,0,0,0,0,0,0,0,0,0,0,0,0,0,0,3,0,0,2.0,0,0,0,Young Adult
1022,32,8.05,0,0,0,0,0,0,0,0,0,0,0,0,0,0,0,0,0,0,3,0,0,2.0,0,0,0,Young Adult
1023,53,28.5,0,0,0,0,0,0,0,0,0,0,0,0,0,0,0,0,0,0,1,0,0,0.0,0,0,0,Adult
1024,28,25.4667,1,0,0,0,0,0,0,0,0,4,0,0,0,0,0,0,0,0,3,0,0,2.0,0,0,0,Young Adult
1025,28,6.4375,0,1,0,0,0,0,0,0,0,0,0,0,0,0,0,0,0,0,3,0,0,0.0,0,0,0,Young Adult
1026,43,7.8958,0,0,0,0,0,0,0,0,0,0,0,0,0,0,0,0,0,0,3,0,0,2.0,0,0,0,Adult
1027,24,7.8542,0,0,0,0,0,0,0,0,0,0,0,0,0,0,0,0,0,0,3,0,0,2.0,0,0,0,Young Adult
1028,26,7.225,0,0,0,0,0,0,0,0,0,0,0,0,0,0,0,0,0,0,3,0,0,0.0,0,0,0,Young Adult
1029,26,13.0,0,0,0,0,0,0,0,0,0,0,0,0,0,0,0,0,0,0,2,0,0,2.0,0,0,0,Young Adult
1030,23,8.05,1,0,0,0,0,0,0,0,0,0,0,0,0,0,0,0,0,0,3,0,0,2.0,0,0,0,Young Adult
1031,40,46.9,0,1,0,0,0,0,0,0,0,6,0,0,0,0,0,0,0,0,3,0,0,2.0,0,0,0,Adult
1032,10,46.9,1,5,0,0,0,0,0,0,0,2,0,0,0,0,0,0,0,0,3,0,0,2.0,0,0,0,Child
1033,33,151.55,1,0,0,0,0,0,0,0,0,0,0,0,0,0,0,0,0,0,1,0,0,2.0,0,0,0,Young Adult
1034,61,262.375,0,1,0,0,0,0,0,0,0,3,0,0,0,0,0,0,0,0,1,0,0,0.0,0,0,0,Senior
1035,28,26.0,0,0,0,0,0,0,0,0,0,0,0,0,0,0,0,0,0,0,2,0,0,2.0,0,0,0,Young Adult
1036,42,26.55,0,0,0,0,0,0,0,0,0,0,0,0,0,0,0,0,0,0,1,0,0,2.0,0,0,0,Adult
1037,31,18.0,0,3,0,0,0,0,0,0,0,0,0,0,0,0,0,0,0,0,3,0,0,2.0,0,0,0,Young Adult
1038,28,51.8625,0,0,0,0,0,0,0,0,0,0,0,0,0,0,0,0,0,0,1,0,0,2.0,0,0,0,Young Adult
1039,22,8.05,0,0,0,0,0,0,0,0,0,0,0,0,0,0,0,0,0,0,3,0,0,2.0,0,0,0,Young Adult
1040,28,26.55,0,0,0,0,0,0,0,0,0,0,0,0,0,0,0,0,0,0,1,0,0,2.0,0,0,0,Young Adult
1041,30,26.0,0,1,0,0,0,0,0,0,0,1,0,0,0,0,0,0,0,0,2,0,0,2.0,0,0,0,Young Adult
1042,23,83.1583,1,0,0,0,0,0,0,0,0,1,0,0,0,0,0,0,0,0,1,0,0,0.0,0,0,0,Young Adult
1043,28,7.8958,0,0,0,0,0,0,0,0,0,0,0,0,0,0,0,0,0,0,3,0,0,0.0,0,0,0,Young Adult
1044,60,14.4542,0,0,0,0,0,0,0,0,0,0,0,0,0,0,0,0,0,0,3,0,0,2.0,0,0,0,Adult
1045,36,12.1833,1,0,0,0,0,0,0,0,0,2,0,0,0,0,0,0,0,0,3,0,0,2.0,0,0,0,Adult
1046,13,31.3875,0,4,0,0,0,0,0,0,0,2,0,0,0,0,0,0,0,0,3,0,0,2.0,0,0,0,Teen
1047,24,7.55,0,0,0,0,0,0,0,0,0,0,0,0,0,0,0,0,0,0,3,0,0,2.0,0,0,0,Young Adult
1048,29,221.7792,1,0,0,0,0,0,0,0,0,0,0,0,0,0,0,0,0,0,1,0,0,2.0,0,0,0,Young Adult
1049,23,7.8542,1,0,0,0,0,0,0,0,0,0,0,0,0,0,0,0,0,0,3,0,0,2.0,0,0,0,Young Adult
1050,42,26.55,0,0,0,0,0,0,0,0,0,0,0,0,0,0,0,0,0,0,1,0,0,2.0,0,0,0,Adult
1051,26,13.775,1,0,0,0,0,0,0,0,0,2,0,0,0,0,0,0,0,0,3,0,0,2.0,0,0,0,Young Adult
1052,28,7.7333,1,0,0,0,0,0,0,0,0,0,0,0,0,0,0,0,0,0,3,0,0,1.0,0,0,0,Young Adult
1053,7,15.2458,0,1,0,0,0,0,0,0,0,1,0,0,0,0,0,0,0,0,3,0,0,0.0,0,0,0,Child
1054,26,13.5,1,0,0,0,0,0,0,0,0,0,0,0,0,0,0,0,0,0,2,0,0,2.0,0,0,0,Young Adult
1055,28,7.0,0,0,0,0,0,0,0,0,0,0,0,0,0,0,0,0,0,0,3,0,0,2.0,0,0,0,Young Adult
1056,41,13.0,0,0,0,0,0,0,0,0,0,0,0,0,0,0,0,0,0,0,2,0,0,2.0,0,0,0,Adult
1057,26,22.025,1,1,0,0,0,0,0,0,0,1,0,0,0,0,0,0,0,0,3,0,0,2.0,0,0,0,Young Adult
1058,48,50.4958,0,0,0,0,0,0,0,0,0,0,0,0,0,0,0,0,0,0,1,0,0,0.0,0,0,0,Adult
1059,18,34.375,0,2,0,0,0,0,0,0,0,2,0,0,0,0,0,0,0,0,3,0,0,2.0,0,0,0,Teen
1060,28,27.7208,1,0,0,0,0,0,0,0,0,0,0,0,0,0,0,0,0,0,1,0,0,0.0,0,0,0,Young Adult
1061,22,8.9625,1,0,0,0,0,0,0,0,0,0,0,0,0,0,0,0,0,0,3,0,0,2.0,0,0,0,Young Adult
1062,28,7.55,0,0,0,0,0,0,0,0,0,0,0,0,0,0,0,0,0,0,3,0,0,2.0,0,0,0,Young Adult
1063,27,7.225,0,0,0,0,0,0,0,0,0,0,0,0,0,0,0,0,0,0,3,0,0,0.0,0,0,0,Young Adult
1064,23,13.9,0,1,0,0,0,0,0,0,0,0,0,0,0,0,0,0,0,0,3,0,0,2.0,0,0,0,Young Adult
1065,28,7.2292,0,0,0,0,0,0,0,0,0,0,0,0,0,0,0,0,0,0,3,0,0,0.0,0,0,0,Young Adult
1066,40,31.3875,0,1,0,0,0,0,0,0,0,5,0,0,0,0,0,0,0,0,3,0,0,2.0,0,0,0,Adult
1067,15,39.0,1,0,0,0,0,0,0,0,0,2,0,0,0,0,0,0,0,0,2,0,0,2.0,0,0,0,Teen
1068,20,36.75,1,0,0,0,0,0,0,0,0,0,0,0,0,0,0,0,0,0,2,0,0,2.0,0,0,0,Young Adult
1069,54,55.4417,0,1,0,0,0,0,0,0,0,0,0,0,0,0,0,0,0,0,1,0,0,0.0,0,0,0,Adult
1070,36,39.0,1,0,0,0,0,0,0,0,0,3,0,0,0,0,0,0,0,0,2,0,0,2.0,0,0,0,Adult
1071,64,83.1583,1,0,0,0,0,0,0,0,0,2,0,0,0,0,0,0,0,0,1,0,0,0.0,0,0,0,Senior
1072,30,13.0,0,0,0,0,0,0,0,0,0,0,0,0,0,0,0,0,0,0,2,0,0,2.0,0,0,0,Young Adult
1073,37,83.1583,0,1,0,0,0,0,0,0,0,1,0,0,0,0,0,0,0,0,1,0,0,0.0,0,0,0,Adult
1074,18,53.1,1,1,0,0,0,0,0,0,0,0,0,0,0,0,0,0,0,0,1,0,0,2.0,0,0,0,Teen
1075,28,7.75,0,0,0,0,0,0,0,0,0,0,0,0,0,0,0,0,0,0,3,0,0,1.0,0,0,0,Young Adult
1076,27,247.5208,1,1,0,0,0,0,0,0,0,1,0,0,0,0,0,0,0,0,1,0,0,0.0,0,0,0,Young Adult
1077,40,16.0,0,0,0,0,0,0,0,0,0,0,0,0,0,0,0,0,0,0,2,0,0,2.0,0,0,0,Adult
1078,21,21.0,1,0,0,0,0,0,0,0,0,1,0,0,0,0,0,0,0,0,2,0,0,2.0,0,0,0,Young Adult
1079,17,8.05,0,2,0,0,0,0,0,0,0,0,0,0,0,0,0,0,0,0,3,0,0,2.0,0,0,0,Teen
1080,28,69.55,1,8,0,0,0,0,0,0,0,2,0,0,0,0,0,0,0,0,3,0,0,2.0,0,0,0,Young Adult
1081,40,13.0,0,0,0,0,0,0,0,0,0,0,0,0,0,0,0,0,0,0,2,0,0,2.0,0,0,0,Adult
1082,34,26.0,0,1,0,0,0,0,0,0,0,0,0,0,0,0,0,0,0,0,2,0,0,2.0,0,0,0,Young Adult
1083,28,26.0,0,0,0,0,0,0,0,0,0,0,0,0,0,0,0,0,0,0,1,0,0,2.0,0,0,0,Young Adult
1084,11,14.5,0,1,0,0,0,0,0,0,0,1,0,0,0,0,0,0,0,0,3,0,0,2.0,0,0,0,Child
1085,61,12.35,0,0,0,0,0,0,0,0,0,0,0,0,0,0,0,0,0,0,2,0,0,1.0,0,0,0,Senior
1086,8,32.5,0,0,0,0,0,0,0,0,0,2,0,0,0,0,0,0,0,0,2,0,0,2.0,0,0,0,Child
1087,33,7.8542,0,0,0,0,0,0,0,0,0,0,0,0,0,0,0,0,0,0,3,0,0,2.0,0,0,0,Young Adult
1088,6,134.5,0,0,0,0,0,0,0,0,0,2,0,0,0,0,0,0,0,0,1,0,0,0.0,0,0,0,Child
1089,18,7.775,1,0,0,0,0,0,0,0,0,0,0,0,0,0,0,0,0,0,3,0,0,2.0,0,0,0,Teen
1090,23,10.5,0,0,0,0,0,0,0,0,0,0,0,0,0,0,0,0,0,0,2,0,0,2.0,0,0,0,Young Adult
1091,28,8.1125,1,0,0,0,0,0,0,0,0,0,0,0,0,0,0,0,0,0,3,0,0,2.0,0,0,0,Young Adult
1092,28,15.5,1,0,0,0,0,0,0,0,0,0,0,0,0,0,0,0,0,0,3,0,0,1.0,0,0,0,Young Adult
1093,0,14.4,0,0,0,0,0,0,0,0,0,2,0,0,0,0,0,0,0,0,3,0,0,2.0,0,0,0,
1094,47,227.525,0,1,0,0,0,0,0,0,0,0,0,0,0,0,0,0,0,0,1,0,0,0.0,0,0,0,Adult
1095,8,26.0,1,1,0,0,0,0,0,0,0,1,0,0,0,0,0,0,0,0,2,0,0,2.0,0,0,0,Child
1096,25,10.5,0,0,0,0,0,0,0,0,0,0,0,0,0,0,0,0,0,0,2,0,0,2.0,0,0,0,Young Adult
1097,28,25.7417,0,0,0,0,0,0,0,0,0,0,0,0,0,0,0,0,0,0,1,0,0,0.0,0,0,0,Young Adult
1098,35,7.75,1,0,0,0,0,0,0,0,0,0,0,0,0,0,0,0,0,0,3,0,0,1.0,0,0,0,Young Adult
1099,24,10.5,0,0,0,0,0,0,0,0,0,0,0,0,0,0,0,0,0,0,2,0,0,2.0,0,0,0,Young Adult
1100,33,27.7208,1,0,0,0,0,0,0,0,0,0,0,0,0,0,0,0,0,0,1,0,0,0.0,0,0,0,Young Adult
1101,25,7.8958,0,0,0,0,0,0,0,0,0,0,0,0,0,0,0,0,0,0,3,0,0,2.0,0,0,0,Young Adult
1102,32,22.525,0,0,0,0,0,0,0,0,0,0,0,0,0,0,0,0,0,0,3,0,0,2.0,0,0,0,Young Adult
1103,28,7.05,0,0,0,0,0,0,0,0,0,0,0,0,0,0,0,0,0,0,3,0,0,2.0,0,0,0,Young Adult
1104,17,73.5,0,0,0,0,0,0,0,0,0,0,0,0,0,0,0,0,0,0,2,0,0,2.0,0,0,0,Teen
1105,60,26.0,1,1,0,0,0,0,0,0,0,0,0,0,0,0,0,0,0,0,2,0,0,2.0,0,0,0,Adult
1106,38,7.775,1,4,0,0,0,0,0,0,0,2,0,0,0,0,0,0,0,0,3,0,0,2.0,0,0,0,Adult
1107,42,42.5,0,0,0,0,0,0,0,0,0,0,0,0,0,0,0,0,0,0,1,0,0,2.0,0,0,0,Adult
1108,28,7.8792,1,0,0,0,0,0,0,0,0,0,0,0,0,0,0,0,0,0,3,0,0,1.0,0,0,0,Young Adult
1109,57,164.8667,0,1,0,0,0,0,0,0,0,1,0,0,0,0,0,0,0,0,1,0,0,2.0,0,0,0,Adult
1110,50,211.5,1,1,0,0,0,0,0,0,0,1,0,0,0,0,0,0,0,0,1,0,0,0.0,0,0,0,Adult
1111,28,8.05,0,0,0,0,0,0,0,0,0,0,0,0,0,0,0,0,0,0,3,0,0,2.0,0,0,0,Young Adult
1112,30,13.8583,1,1,0,0,0,0,0,0,0,0,0,0,0,0,0,0,0,0,2,0,0,0.0,0,0,0,Young Adult
1113,21,8.05,0,0,0,0,0,0,0,0,0,0,0,0,0,0,0,0,0,0,3,0,0,2.0,0,0,0,Young Adult
1114,22,10.5,1,0,0,0,0,0,0,0,0,0,0,0,0,0,0,0,0,0,2,0,0,2.0,0,0,0,Young Adult
1115,21,7.7958,0,0,0,0,0,0,0,0,0,0,0,0,0,0,0,0,0,0,3,0,0,2.0,0,0,0,Young Adult
1116,53,27.4458,1,0,0,0,0,0,0,0,0,0,0,0,0,0,0,0,0,0,1,0,0,0.0,0,0,0,Adult
1117,28,15.2458,1,0,0,0,0,0,0,0,0,2,0,0,0,0,0,0,0,0,3,0,0,0.0,0,0,0,Young Adult
1118,23,7.7958,0,0,0,0,0,0,0,0,0,0,0,0,0,0,0,0,0,0,3,0,0,2.0,0,0,0,Young Adult
1119,28,7.75,1,0,0,0,0,0,0,0,0,0,0,0,0,0,0,0,0,0,3,0,0,1.0,0,0,0,Young Adult
1120,40,15.1,0,0,0,0,0,0,0,0,0,0,0,0,0,0,0,0,0,0,3,0,0,2.0,0,0,0,Adult
1121,36,13.0,0,0,0,0,0,0,0,0,0,0,0,0,0,0,0,0,0,0,2,0,0,2.0,0,0,0,Adult
1122,14,65.0,0,0,0,0,0,0,0,0,0,0,0,0,0,0,0,0,0,0,2,0,0,2.0,0,0,0,Teen
1123,21,26.55,1,0,0,0,0,0,0,0,0,0,0,0,0,0,0,0,0,0,1,0,0,2.0,0,0,0,Young Adult
1124,21,6.4958,0,1,0,0,0,0,0,0,0,0,0,0,0,0,0,0,0,0,3,0,0,2.0,0,0,0,Young Adult
1125,28,7.8792,0,0,0,0,0,0,0,0,0,0,0,0,0,0,0,0,0,0,3,0,0,1.0,0,0,0,Young Adult
1126,39,71.2833,0,1,0,0,0,0,0,0,0,0,0,0,0,0,0,0,0,0,1,0,0,0.0,0,0,0,Adult
1127,20,7.8542,0,0,0,0,0,0,0,0,0,0,0,0,0,0,0,0,0,0,3,0,0,2.0,0,0,0,Young Adult
1128,64,75.25,0,1,0,0,0,0,0,0,0,0,0,0,0,0,0,0,0,0,1,0,0,0.0,0,0,0,Senior
1129,20,7.225,0,0,0,0,0,0,0,0,0,0,0,0,0,0,0,0,0,0,3,0,0,0.0,0,0,0,Young Adult
1130,18,13.0,1,1,0,0,0,0,0,0,0,1,0,0,0,0,0,0,0,0,2,0,0,2.0,0,0,0,Teen
1131,48,106.425,1,1,0,0,0,0,0,0,0,0,0,0,0,0,0,0,0,0,1,0,0,0.0,0,0,0,Adult
1132,55,27.7208,1,0,0,0,0,0,0,0,0,0,0,0,0,0,0,0,0,0,1,0,0,0.0,0,0,0,Adult
1133,45,30.0,1,0,0,0,0,0,0,0,0,2,0,0,0,0,0,0,0,0,2,0,0,2.0,0,0,0,Adult
1134,45,134.5,0,1,0,0,0,0,0,0,0,1,0,0,0,0,0,0,0,0,1,0,0,0.0,0,0,0,Adult
1135,28,7.8875,0,0,0,0,0,0,0,0,0,0,0,0,0,0,0,0,0,0,3,0,0,2.0,0,0,0,Young Adult
1136,28,23.45,0,1,0,0,0,0,0,0,0,2,0,0,0,0,0,0,0,0,3,0,0,2.0,0,0,0,Young Adult
1137,41,51.8625,0,1,0,0,0,0,0,0,0,0,0,0,0,0,0,0,0,0,1,0,0,2.0,0,0,0,Adult
1138,22,21.0,1,0,0,0,0,0,0,0,0,0,0,0,0,0,0,0,0,0,2,0,0,2.0,0,0,0,Young Adult
1139,42,32.5,0,1,0,0,0,0,0,0,0,1,0,0,0,0,0,0,0,0,2,0,0,2.0,0,0,0,Adult
1140,29,26.0,1,1,0,0,0,0,0,0,0,0,0,0,0,0,0,0,0,0,2,0,0,2.0,0,0,0,Young Adult
1141,28,14.4542,1,1,0,0,0,0,0,0,0,0,0,0,0,0,0,0,0,0,3,0,0,0.0,0,0,0,Young Adult
1142,0,27.75,1,1,0,0,0,0,0,0,0,2,0,0,0,0,0,0,0,0,2,0,0,2.0,0,0,0,
1143,20,7.925,0,0,0,0,0,0,0,0,0,0,0,0,0,0,0,0,0,0,3,0,0,2.0,0,0,0,Young Adult
1144,27,136.7792,0,1,0,0,0,0,0,0,0,0,0,0,0,0,0,0,0,0,1,0,0,0.0,0,0,0,Young Adult
1145,24,9.325,0,0,0,0,0,0,0,0,0,0,0,0,0,0,0,0,0,0,3,0,0,2.0,0,0,0,Young Adult
1146,32,9.5,0,0,0,0,0,0,0,0,0,0,0,0,0,0,0,0,0,0,3,0,0,2.0,0,0,0,Young Adult
1147,28,7.55,0,0,0,0,0,0,0,0,0,0,0,0,0,0,0,0,0,0,3,0,0,2.0,0,0,0,Young Adult
1148,28,7.75,0,0,0,0,0,0,0,0,0,0,0,0,0,0,0,0,0,0,3,0,0,1.0,0,0,0,Young Adult
1149,28,8.05,0,0,0,0,0,0,0,0,0,0,0,0,0,0,0,0,0,0,3,0,0,2.0,0,0,0,Young Adult
1150,19,13.0,1,0,0,0,0,0,0,0,0,0,0,0,0,0,0,0,0,0,2,0,0,2.0,0,0,0,Young Adult
1151,21,7.775,0,0,0,0,0,0,0,0,0,0,0,0,0,0,0,0,0,0,3,0,0,2.0,0,0,0,Young Adult
1152,36,17.4,0,1,0,0,0,0,0,0,0,0,0,0,0,0,0,0,0,0,3,0,0,2.0,0,0,0,Adult
1153,21,7.8542,0,0,0,0,0,0,0,0,0,0,0,0,0,0,0,0,0,0,3,0,0,2.0,0,0,0,Young Adult
1154,29,23.0,1,0,0,0,0,0,0,0,0,2,0,0,0,0,0,0,0,0,2,0,0,2.0,0,0,0,Young Adult
1155,1,12.1833,1,1,0,0,0,0,0,0,0,1,0,0,0,0,0,0,0,0,3,0,0,2.0,0,0,0,Child
1156,30,12.7375,0,0,0,0,0,0,0,0,0,0,0,0,0,0,0,0,0,0,2,0,0,0.0,0,0,0,Young Adult
1157,28,7.8958,0,0,0,0,0,0,0,0,0,0,0,0,0,0,0,0,0,0,3,0,0,2.0,0,0,0,Young Adult
1158,28,0.0,0,0,0,0,0,0,0,0,0,0,0,0,0,0,0,0,0,0,1,0,0,2.0,0,0,0,Young Adult
1159,28,7.55,0,0,0,0,0,0,0,0,0,0,0,0,0,0,0,0,0,0,3,0,0,2.0,0,0,0,Young Adult
1160,28,8.05,1,0,0,0,0,0,0,0,0,0,0,0,0,0,0,0,0,0,3,0,0,2.0,0,0,0,Young Adult
1161,17,8.6625,0,0,0,0,0,0,0,0,0,0,0,0,0,0,0,0,0,0,3,0,0,2.0,0,0,0,Teen
1162,46,75.2417,0,0,0,0,0,0,0,0,0,0,0,0,0,0,0,0,0,0,1,0,0,0.0,0,0,0,Adult
1163,28,7.75,0,0,0,0,0,0,0,0,0,0,0,0,0,0,0,0,0,0,3,0,0,1.0,0,0,0,Young Adult
1164,26,136.7792,1,1,0,0,0,0,0,0,0,0,0,0,0,0,0,0,0,0,1,0,0,0.0,0,0,0,Young Adult
1165,28,15.5,1,1,0,0,0,0,0,0,0,0,0,0,0,0,0,0,0,0,3,0,0,1.0,0,0,0,Young Adult
1166,28,7.225,0,0,0,0,0,0,0,0,0,0,0,0,0,0,0,0,0,0,3,0,0,0.0,0,0,0,Young Adult
1167,20,26.0,1,1,0,0,0,0,0,0,0,0,0,0,0,0,0,0,0,0,2,0,0,2.0,0,0,0,Young Adult
1168,28,10.5,0,0,0,0,0,0,0,0,0,0,0,0,0,0,0,0,0,0,2,0,0,2.0,0,0,0,Young Adult
1169,40,26.0,0,1,0,0,0,0,0,0,0,0,0,0,0,0,0,0,0,0,2,0,0,2.0,0,0,0,Adult
1170,30,21.0,0,1,0,0,0,0,0,0,0,0,0,0,0,0,0,0,0,0,2,0,0,2.0,0,0,0,Young Adult
1171,22,10.5,0,0,0,0,0,0,0,0,0,0,0,0,0,0,0,0,0,0,2,0,0,2.0,0,0,0,Young Adult
1172,23,8.6625,1,0,0,0,0,0,0,0,0,0,0,0,0,0,0,0,0,0,3,0,0,2.0,0,0,0,Young Adult
1173,0,13.775,0,1,0,0,0,0,0,0,0,1,0,0,0,0,0,0,0,0,3,0,0,2.0,0,0,0,
1174,28,7.75,1,0,0,0,0,0,0,0,0,0,0,0,0,0,0,0,0,0,3,0,0,1.0,0,0,0,Young Adult
1175,9,15.2458,1,1,0,0,0,0,0,0,0,1,0,0,0,0,0,0,0,0,3,0,0,0.0,0,0,0,Child
1176,2,20.2125,1,1,0,0,0,0,0,0,0,1,0,0,0,0,0,0,0,0,3,0,0,2.0,0,0,0,Child
1177,36,7.25,0,0,0,0,0,0,0,0,0,0,0,0,0,0,0,0,0,0,3,0,0,2.0,0,0,0,Adult
1178,28,7.25,0,0,0,0,0,0,0,0,0,0,0,0,0,0,0,0,0,0,3,0,0,2.0,0,0,0,Young Adult
1179,24,82.2667,0,1,0,0,0,0,0,0,0,0,0,0,0,0,0,0,0,0,1,0,0,2.0,0,0,0,Young Adult
1180,28,7.2292,0,0,0,0,0,0,0,0,0,0,0,0,0,0,0,0,0,0,3,0,0,0.0,0,0,0,Young Adult
1181,28,8.05,0,0,0,0,0,0,0,0,0,0,0,0,0,0,0,0,0,0,3,0,0,2.0,0,0,0,Young Adult
1182,28,39.6,0,0,0,0,0,0,0,0,0,0,0,0,0,0,0,0,0,0,1,0,0,2.0,0,0,0,Young Adult
1183,30,6.95,1,0,0,0,0,0,0,0,0,0,0,0,0,0,0,0,0,0,3,0,0,1.0,0,0,0,Young Adult
1184,28,7.2292,0,0,0,0,0,0,0,0,0,0,0,0,0,0,0,0,0,0,3,0,0,0.0,0,0,0,Young Adult
1185,53,81.8583,0,1,0,0,0,0,0,0,0,1,0,0,0,0,0,0,0,0,1,0,0,2.0,0,0,0,Adult
1186,36,9.5,0,0,0,0,0,0,0,0,0,0,0,0,0,0,0,0,0,0,3,0,0,2.0,0,0,0,Adult
1187,26,7.8958,0,0,0,0,0,0,0,0,0,0,0,0,0,0,0,0,0,0,3,0,0,2.0,0,0,0,Young Adult
1188,1,41.5792,1,1,0,0,0,0,0,0,0,2,0,0,0,0,0,0,0,0,2,0,0,0.0,0,0,0,Child
1189,28,21.6792,0,2,0,0,0,0,0,0,0,0,0,0,0,0,0,0,0,0,3,0,0,0.0,0,0,0,Young Adult
1190,30,45.5,0,0,0,0,0,0,0,0,0,0,0,0,0,0,0,0,0,0,1,0,0,2.0,0,0,0,Young Adult
1191,29,7.8542,0,0,0,0,0,0,0,0,0,0,0,0,0,0,0,0,0,0,3,0,0,2.0,0,0,0,Young Adult
1192,32,7.775,0,0,0,0,0,0,0,0,0,0,0,0,0,0,0,0,0,0,3,0,0,2.0,0,0,0,Young Adult
1193,28,15.0458,0,0,0,0,0,0,0,0,0,0,0,0,0,0,0,0,0,0,2,0,0,0.0,0,0,0,Young Adult
1194,43,21.0,0,0,0,0,0,0,0,0,0,1,0,0,0,0,0,0,0,0,2,0,0,2.0,0,0,0,Adult
1195,24,8.6625,0,0,0,0,0,0,0,0,0,0,0,0,0,0,0,0,0,0,3,0,0,2.0,0,0,0,Young Adult
1196,28,7.75,1,0,0,0,0,0,0,0,0,0,0,0,0,0,0,0,0,0,3,0,0,1.0,0,0,0,Young Adult
1197,64,26.55,1,1,0,0,0,0,0,0,0,1,0,0,0,0,0,0,0,0,1,0,0,2.0,0,0,0,Senior
1198,30,151.55,0,1,0,0,0,0,0,0,0,2,0,0,0,0,0,0,0,0,1,0,0,2.0,0,0,0,Young Adult
1199,0,9.35,0,0,0,0,0,0,0,0,0,1,0,0,0,0,0,0,0,0,3,0,0,2.0,0,0,0,
1200,55,93.5,0,1,0,0,0,0,0,0,0,1,0,0,0,0,0,0,0,0,1,0,0,2.0,0,0,0,Adult
1201,45,14.1083,1,1,0,0,0,0,0,0,0,0,0,0,0,0,0,0,0,0,3,0,0,2.0,0,0,0,Adult
1202,18,8.6625,0,0,0,0,0,0,0,0,0,0,0,0,0,0,0,0,0,0,3,0,0,2.0,0,0,0,Teen
1203,22,7.225,0,0,0,0,0,0,0,0,0,0,0,0,0,0,0,0,0,0,3,0,0,0.0,0,0,0,Young Adult
1204,28,7.575,0,0,0,0,0,0,0,0,0,0,0,0,0,0,0,0,0,0,3,0,0,2.0,0,0,0,Young Adult
1205,37,7.75,1,0,0,0,0,0,0,0,0,0,0,0,0,0,0,0,0,0,3,0,0,1.0,0,0,0,Adult
1206,55,135.6333,1,0,0,0,0,0,0,0,0,0,0,0,0,0,0,0,0,0,1,0,0,0.0,0,0,0,Adult
1207,17,7.7333,1,0,0,0,0,0,0,0,0,0,0,0,0,0,0,0,0,0,3,0,0,1.0,0,0,0,Teen
1208,57,146.5208,0,1,0,0,0,0,0,0,0,0,0,0,0,0,0,0,0,0,1,0,0,0.0,0,0,0,Adult
1209,19,10.5,0,0,0,0,0,0,0,0,0,0,0,0,0,0,0,0,0,0,2,0,0,2.0,0,0,0,Young Adult
1210,27,7.8542,0,0,0,0,0,0,0,0,0,0,0,0,0,0,0,0,0,0,3,0,0,2.0,0,0,0,Young Adult
1211,22,31.5,0,2,0,0,0,0,0,0,0,0,0,0,0,0,0,0,0,0,2,0,0,2.0,0,0,0,Young Adult
1212,26,7.775,0,0,0,0,0,0,0,0,0,0,0,0,0,0,0,0,0,0,3,0,0,2.0,0,0,0,Young Adult
1213,25,7.2292,0,0,0,0,0,0,0,0,0,0,0,0,0,0,0,0,0,0,3,0,0,0.0,0,0,0,Young Adult
1214,26,13.0,0,0,0,0,0,0,0,0,0,0,0,0,0,0,0,0,0,0,2,0,0,2.0,0,0,0,Young Adult
1215,33,26.55,0,0,0,0,0,0,0,0,0,0,0,0,0,0,0,0,0,0,1,0,0,2.0,0,0,0,Young Adult
1216,39,211.3375,1,0,0,0,0,0,0,0,0,0,0,0,0,0,0,0,0,0,1,0,0,2.0,0,0,0,Adult
1217,23,7.05,0,0,0,0,0,0,0,0,0,0,0,0,0,0,0,0,0,0,3,0,0,2.0,0,0,0,Young Adult
1218,12,39.0,1,2,0,0,0,0,0,0,0,1,0,0,0,0,0,0,0,0,2,0,0,2.0,0,0,0,Child
1219,46,79.2,0,0,0,0,0,0,0,0,0,0,0,0,0,0,0,0,0,0,1,0,0,0.0,0,0,0,Adult
1220,29,26.0,0,1,0,0,0,0,0,0,0,0,0,0,0,0,0,0,0,0,2,0,0,2.0,0,0,0,Young Adult
1221,21,13.0,0,0,0,0,0,0,0,0,0,0,0,0,0,0,0,0,0,0,2,0,0,2.0,0,0,0,Young Adult
1222,48,36.75,1,0,0,0,0,0,0,0,0,2,0,0,0,0,0,0,0,0,2,0,0,2.0,0,0,0,Adult
1223,39,29.7,0,0,0,0,0,0,0,0,0,0,0,0,0,0,0,0,0,0,1,0,0,0.0,0,0,0,Adult
1224,28,7.225,0,0,0,0,0,0,0,0,0,0,0,0,0,0,0,0,0,0,3,0,0,0.0,0,0,0,Young Adult
1225,19,15.7417,1,1,0,0,0,0,0,0,0,1,0,0,0,0,0,0,0,0,3,0,0,0.0,0,0,0,Young Adult
1226,27,7.8958,0,0,0,0,0,0,0,0,0,0,0,0,0,0,0,0,0,0,3,0,0,2.0,0,0,0,Young Adult
1227,30,26.0,0,0,0,0,0,0,0,0,0,0,0,0,0,0,0,0,0,0,1,0,0,2.0,0,0,0,Young Adult
1228,32,13.0,0,0,0,0,0,0,0,0,0,0,0,0,0,0,0,0,0,0,2,0,0,2.0,0,0,0,Young Adult
1229,39,7.2292,0,0,0,0,0,0,0,0,0,2,0,0,0,0,0,0,0,0,3,0,0,0.0,0,0,0,Adult
1230,25,31.5,0,0,0,0,0,0,0,0,0,0,0,0,0,0,0,0,0,0,2,0,0,2.0,0,0,0,Young Adult
1231,28,7.2292,0,0,0,0,0,0,0,0,0,0,0,0,0,0,0,0,0,0,3,0,0,0.0,0,0,0,Young Adult
1232,18,10.5,0,0,0,0,0,0,0,0,0,0,0,0,0,0,0,0,0,0,2,0,0,2.0,0,0,0,Teen
1233,32,7.5792,0,0,0,0,0,0,0,0,0,0,0,0,0,0,0,0,0,0,3,0,0,2.0,0,0,0,Young Adult
1234,28,69.55,0,1,0,0,0,0,0,0,0,9,0,0,0,0,0,0,0,0,3,0,0,2.0,0,0,0,Young Adult
1235,58,512.3292,1,0,0,0,0,0,0,0,0,1,0,0,0,0,0,0,0,0,1,0,0,0.0,0,0,0,Adult
1236,28,14.5,0,1,0,0,0,0,0,0,0,1,0,0,0,0,0,0,0,0,3,0,0,2.0,0,0,0,Young Adult
1237,16,7.65,1,0,0,0,0,0,0,0,0,0,0,0,0,0,0,0,0,0,3,0,0,2.0,0,0,0,Teen
1238,26,13.0,0,0,0,0,0,0,0,0,0,0,0,0,0,0,0,0,0,0,2,0,0,2.0,0,0,0,Young Adult
1239,38,7.2292,1,0,0,0,0,0,0,0,0,0,0,0,0,0,0,0,0,0,3,0,0,0.0,0,0,0,Adult
1240,24,13.5,0,0,0,0,0,0,0,0,0,0,0,0,0,0,0,0,0,0,2,0,0,2.0,0,0,0,Young Adult
1241,31,21.0,1,0,0,0,0,0,0,0,0,0,0,0,0,0,0,0,0,0,2,0,0,2.0,0,0,0,Young Adult
1242,45,63.3583,1,0,0,0,0,0,0,0,0,1,0,0,0,0,0,0,0,0,1,0,0,0.0,0,0,0,Adult
1243,25,10.5,0,0,0,0,0,0,0,0,0,0,0,0,0,0,0,0,0,0,2,0,0,2.0,0,0,0,Young Adult
1244,18,73.5,0,0,0,0,0,0,0,0,0,0,0,0,0,0,0,0,0,0,2,0,0,2.0,0,0,0,Teen
1245,49,65.0,0,1,0,0,0,0,0,0,0,2,0,0,0,0,0,0,0,0,2,0,0,2.0,0,0,0,Adult
1246,0,20.575,1,1,0,0,0,0,0,0,0,2,0,0,0,0,0,0,0,0,3,0,0,2.0,0,0,0,
1247,50,26.0,0,0,0,0,0,0,0,0,0,0,0,0,0,0,0,0,0,0,1,0,0,2.0,0,0,0,Adult
1248,59,51.4792,1,2,0,0,0,0,0,0,0,0,0,0,0,0,0,0,0,0,1,0,0,2.0,0,0,0,Adult
1249,28,7.8792,0,0,0,0,0,0,0,0,0,0,0,0,0,0,0,0,0,0,3,0,0,2.0,0,0,0,Young Adult
1250,28,7.75,0,0,0,0,0,0,0,0,0,0,0,0,0,0,0,0,0,0,3,0,0,1.0,0,0,0,Young Adult
1251,30,15.55,1,1,0,0,0,0,0,0,0,0,0,0,0,0,0,0,0,0,3,0,0,2.0,0,0,0,Young Adult
1252,14,69.55,0,8,0,0,0,0,0,0,0,2,0,0,0,0,0,0,0,0,3,0,0,2.0,0,0,0,Teen
1253,24,37.0042,1,1,0,0,0,0,0,0,0,1,0,0,0,0,0,0,0,0,2,0,0,0.0,0,0,0,Young Adult
1254,31,21.0,1,0,0,0,0,0,0,0,0,0,0,0,0,0,0,0,0,0,2,0,0,2.0,0,0,0,Young Adult
1255,27,8.6625,0,0,0,0,0,0,0,0,0,0,0,0,0,0,0,0,0,0,3,0,0,2.0,0,0,0,Young Adult
1256,25,55.4417,1,1,0,0,0,0,0,0,0,0,0,0,0,0,0,0,0,0,1,0,0,0.0,0,0,0,Young Adult
1257,28,69.55,1,1,0,0,0,0,0,0,0,9,0,0,0,0,0,0,0,0,3,0,0,2.0,0,0,0,Young Adult
1258,28,14.4583,0,1,0,0,0,0,0,0,0,0,0,0,0,0,0,0,0,0,3,0,0,0.0,0,0,0,Young Adult
1259,22,39.6875,1,0,0,0,0,0,0,0,0,0,0,0,0,0,0,0,0,0,3,0,0,2.0,0,0,0,Young Adult
1260,45,59.4,1,0,0,0,0,0,0,0,0,1,0,0,0,0,0,0,0,0,1,0,0,0.0,0,0,0,Adult
1261,29,13.8583,0,0,0,0,0,0,0,0,0,0,0,0,0,0,0,0,0,0,2,0,0,0.0,0,0,0,Young Adult
1262,21,11.5,0,1,0,0,0,0,0,0,0,0,0,0,0,0,0,0,0,0,2,0,0,2.0,0,0,0,Young Adult
1263,31,134.5,1,0,0,0,0,0,0,0,0,0,0,0,0,0,0,0,0,0,1,0,0,0.0,0,0,0,Young Adult
1264,49,0.0,0,0,0,0,0,0,0,0,0,0,0,0,0,0,0,0,0,0,1,0,0,2.0,0,0,0,Adult
1265,44,13.0,0,0,0,0,0,0,0,0,0,0,0,0,0,0,0,0,0,0,2,0,0,2.0,0,0,0,Adult
1266,54,81.8583,1,1,0,0,0,0,0,0,0,1,0,0,0,0,0,0,0,0,1,0,0,2.0,0,0,0,Adult
1267,45,262.375,1,0,0,0,0,0,0,0,0,0,0,0,0,0,0,0,0,0,1,0,0,0.0,0,0,0,Adult
1268,22,8.6625,1,2,0,0,0,0,0,0,0,0,0,0,0,0,0,0,0,0,3,0,0,2.0,0,0,0,Young Adult
1269,21,11.5,0,0,0,0,0,0,0,0,0,0,0,0,0,0,0,0,0,0,2,0,0,2.0,0,0,0,Young Adult
1270,55,50.0,0,0,0,0,0,0,0,0,0,0,0,0,0,0,0,0,0,0,1,0,0,2.0,0,0,0,Adult
1271,5,31.3875,0,4,0,0,0,0,0,0,0,2,0,0,0,0,0,0,0,0,3,0,0,2.0,0,0,0,Child
1272,28,7.75,0,0,0,0,0,0,0,0,0,0,0,0,0,0,0,0,0,0,3,0,0,1.0,0,0,0,Young Adult
1273,26,7.8792,0,0,0,0,0,0,0,0,0,0,0,0,0,0,0,0,0,0,3,0,0,1.0,0,0,0,Young Adult
1274,28,14.5,1,0,0,0,0,0,0,0,0,0,0,0,0,0,0,0,0,0,3,0,0,2.0,0,0,0,Young Adult
1275,19,16.1,1,1,0,0,0,0,0,0,0,0,0,0,0,0,0,0,0,0,3,0,0,2.0,0,0,0,Young Adult
1276,28,12.875,0,0,0,0,0,0,0,0,0,0,0,0,0,0,0,0,0,0,2,0,0,2.0,0,0,0,Young Adult
1277,24,65.0,1,1,0,0,0,0,0,0,0,2,0,0,0,0,0,0,0,0,2,0,0,2.0,0,0,0,Young Adult
1278,24,7.775,0,0,0,0,0,0,0,0,0,0,0,0,0,0,0,0,0,0,3,0,0,2.0,0,0,0,Young Adult
1279,57,13.0,0,0,0,0,0,0,0,0,0,0,0,0,0,0,0,0,0,0,2,0,0,2.0,0,0,0,Adult
1280,21,7.75,0,0,0,0,0,0,0,0,0,0,0,0,0,0,0,0,0,0,3,0,0,1.0,0,0,0,Young Adult
1281,6,21.075,0,3,0,0,0,0,0,0,0,1,0,0,0,0,0,0,0,0,3,0,0,2.0,0,0,0,Child
1282,23,93.5,0,0,0,0,0,0,0,0,0,0,0,0,0,0,0,0,0,0,1,0,0,2.0,0,0,0,Young Adult
1283,51,39.4,1,0,0,0,0,0,0,0,0,1,0,0,0,0,0,0,0,0,1,0,0,2.0,0,0,0,Adult
1284,13,20.25,0,0,0,0,0,0,0,0,0,2,0,0,0,0,0,0,0,0,3,0,0,2.0,0,0,0,Teen
1285,47,10.5,0,0,0,0,0,0,0,0,0,0,0,0,0,0,0,0,0,0,2,0,0,2.0,0,0,0,Adult
1286,29,22.025,0,3,0,0,0,0,0,0,0,1,0,0,0,0,0,0,0,0,3,0,0,2.0,0,0,0,Young Adult
1287,18,60.0,1,1,0,0,0,0,0,0,0,0,0,0,0,0,0,0,0,0,1,0,0,2.0,0,0,0,Teen
1288,24,7.25,0,0,0,0,0,0,0,0,0,0,0,0,0,0,0,0,0,0,3,0,0,1.0,0,0,0,Young Adult
1289,48,79.2,1,1,0,0,0,0,0,0,0,1,0,0,0,0,0,0,0,0,1,0,0,0.0,0,0,0,Adult
1290,22,7.775,0,0,0,0,0,0,0,0,0,0,0,0,0,0,0,0,0,0,3,0,0,2.0,0,0,0,Young Adult
1291,31,7.7333,0,0,0,0,0,0,0,0,0,0,0,0,0,0,0,0,0,0,3,0,0,1.0,0,0,0,Young Adult
1292,30,164.8667,1,0,0,0,0,0,0,0,0,0,0,0,0,0,0,0,0,0,1,0,0,2.0,0,0,0,Young Adult
1293,38,21.0,0,1,0,0,0,0,0,0,0,0,0,0,0,0,0,0,0,0,2,0,0,2.0,0,0,0,Adult
1294,22,59.4,1,0,0,0,0,0,0,0,0,1,0,0,0,0,0,0,0,0,1,0,0,0.0,0,0,0,Young Adult
1295,17,47.1,0,0,0,0,0,0,0,0,0,0,0,0,0,0,0,0,0,0,1,0,0,2.0,0,0,0,Teen
1296,43,27.7208,0,1,0,0,0,0,0,0,0,0,0,0,0,0,0,0,0,0,1,0,0,0.0,0,0,0,Adult
1297,20,13.8625,0,0,0,0,0,0,0,0,0,0,0,0,0,0,0,0,0,0,2,0,0,0.0,0,0,0,Young Adult
1298,23,10.5,0,1,0,0,0,0,0,0,0,0,0,0,0,0,0,0,0,0,2,0,0,2.0,0,0,0,Young Adult
1299,50,211.5,0,1,0,0,0,0,0,0,0,1,0,0,0,0,0,0,0,0,1,0,0,0.0,0,0,0,Adult
1300,28,7.7208,1,0,0,0,0,0,0,0,0,0,0,0,0,0,0,0,0,0,3,0,0,1.0,0,0,0,Young Adult
1301,3,13.775,1,1,0,0,0,0,0,0,0,1,0,0,0,0,0,0,0,0,3,0,0,2.0,0,0,0,Child
1302,28,7.75,1,0,0,0,0,0,0,0,0,0,0,0,0,0,0,0,0,0,3,0,0,1.0,0,0,0,Young Adult
1303,37,90.0,1,1,0,0,0,0,0,0,0,0,0,0,0,0,0,0,0,0,1,0,0,1.0,0,0,0,Adult
1304,28,7.775,1,0,0,0,0,0,0,0,0,0,0,0,0,0,0,0,0,0,3,0,0,2.0,0,0,0,Young Adult
1305,28,8.05,0,0,0,0,0,0,0,0,0,0,0,0,0,0,0,0,0,0,3,0,0,2.0,0,0,0,Young Adult
1306,39,108.9,1,0,0,0,0,0,0,0,0,0,0,0,0,0,0,0,0,0,1,0,0,0.0,0,0,0,Adult
1307,38,7.25,0,0,0,0,0,0,0,0,0,0,0,0,0,0,0,0,0,0,3,0,0,2.0,0,0,0,Adult
1308,28,8.05,0,0,0,0,0,0,0,0,0,0,0,0,0,0,0,0,0,0,3,0,0,2.0,0,0,0,Young Adult
1309,28,22.3583,0,1,0,0,0,0,0,0,0,1,0,0,0,0,0,0,0,0,3,0,0,0.0,0,0,0,Young Adult
